Feature,Energy,Marginal_data,Marginal_model,Marginal_gen
l1,0.0067815855,0.0,0.0,0.0
l2,-0.055403125,0.0,0.0,0.0
l3,-0.032700308,0.0,0.0,0.0
l4,-0.06110411,0.0,0.0,0.0
l5,0.18811704,0.0,2.2949878753150902e-07,3.3333333333333333e-06
l6,0.05455047,0.0,0.0,0.0
l7,0.9793624,0.0,1.2980337232239883e-06,6e-05
l8,1.788912,0.0,5.9758349930023275e-06,0.0005966666666666667
l9,0.73455936,0.0005451288840432988,0.0004289154011853718,0.003523333333333333
l10,0.2708303,0.0035822755237131065,0.0033249453657868194,0.01582333333333333
l11,0.43601185,0.013083093217039172,0.014688652520359079,0.050563333333333335
l12,0.02851215,0.06572696830464916,0.06209569013725594,0.1126
l13,-0.056077067,0.12592477221400203,0.12686581059874108,0.18022666666666667
l14,-0.057869967,0.2914103262985749,0.29321607450487047,0.21407666666666667
l15,-0.08080124,0.26360875321236665,0.25679744707449087,0.19143
l16,-0.048885107,0.18581107390390156,0.1916374205241446,0.12898333333333334
l17,-0.010980444,0.039327155205980846,0.040226325266654754,0.06607
l18,0.05570003,0.009656568803052722,0.009664076930428186,0.025746666666666668
l19,0.16919158,0.0008566311034966124,0.0009126913208972571,0.007816666666666666
l20,0.27402872,0.0002336266645899852,5.416798200534399e-05,0.0019566666666666665
l21,-0.1285179,0.0002336266645899852,7.988405730957493e-05,0.0004333333333333333
l22,0.740862,0.0,3.324620365919248e-07,7.666666666666667e-05
l23,0.31902245,0.0,6.248562595777242e-08,1.3333333333333333e-05
l24,-0.049812607,0.0,0.0,0.0
l25,0.05742486,0.0,0.0,0.0
l26,0.011259578,0.0,0.0,0.0
l27,0.017005429,0.0,0.0,0.0
l28,0.012659378,0.0,0.0,0.0
l29,0.043920517,0.0,0.0,0.0
l30,0.03496831,0.0,0.0,0.0
aA0,0.04600562,0.0,0.0,0.0
aA1,-0.1002431,0.8845884276925473,0.8810013168783561,0.90435
aA2,0.28559062,0.030838719725878046,0.030705957716318663,0.033903333333333334
aA3,0.22747697,0.0034265244139864495,0.0035190904426770785,0.00475
aA4,0.24084283,0.07343664823611869,0.07535885080185145,0.06607333333333333
aA5,0.010997739,0.06782960828595903,0.07013582206081319,0.06976333333333333
aA6,0.007484887,0.03753601744412429,0.037858644770104755,0.047496666666666666
aA7,-0.033976275,0.06409158165251927,0.06196490512074054,0.06691
aA8,-0.04260738,0.09921345689588039,0.09733838011410939,0.08001666666666667
aA9,-0.032660026,0.11611245230122265,0.11633247216126519,0.07677
aA10,-0.12654643,0.11260805233237287,0.1127660539106741,0.05958
aA11,-0.093379706,0.05988630168989954,0.06062866934212648,0.0383
aA12,-0.068295255,0.019235262051242114,0.01959461290620203,0.01947
aA13,0.08063768,0.003660151078576435,0.0037882184056615897,0.008093333333333333
aA14,0.3240936,0.0005451288840432988,0.00036388105297104507,0.002693333333333333
aA15,0.5859826,7.78755548633284e-05,4.758330315224879e-05,0.0007233333333333333
aA16,1.1525215,0.0,2.561641298331893e-06,0.00013666666666666666
aA17,-0.018155117,7.78755548633284e-05,2.6724609433290654e-05,2.6666666666666667e-05
aA18,0.31736436,0.0,5.265025769156559e-08,1e-05
aA19,-0.0006771013,0.0,0.0,0.0
aA20,-0.049150378,0.0,0.0,0.0
aA21,-0.009603657,0.0,0.0,0.0
aA22,-0.046083532,0.0,0.0,0.0
aA23,-0.0040591843,0.0,0.0,0.0
aA24,0.02536811,0.0,0.0,0.0
aA-25,-0.04155966,0.0,0.0,0.0
aA-24,0.055956684,0.0,0.0,0.0
aA-23,-0.021449141,0.0,0.0,0.0
aA-22,0.32520095,0.0,5.395493783109988e-08,1e-05
aA-21,0.69972724,0.0,9.88463061127303e-08,6.666666666666667e-05
aA-20,-0.1988012,0.0002336266645899852,5.546787013000063e-05,0.00038666666666666667
aA-19,0.23447192,0.0002336266645899852,4.772048066042794e-05,0.0016933333333333334
aA-18,0.12159117,0.000778755548633284,0.0008421936537658257,0.00696
aA-17,0.12877902,0.00778755548633284,0.007894386137326178,0.022943333333333333
aA-16,-0.100388184,0.035978506346857723,0.036407545666304254,0.059906666666666664
aA-15,-0.09917768,0.16400591854216962,0.168341163211668,0.11891
aA-14,-0.02631698,0.23814344677205826,0.23104162760778213,0.1798
aA-13,-0.0543496,0.27599096643563586,0.2770230483410016,0.20925
aA-12,0.19499756,0.13558134101705474,0.1370733615982639,0.18947
aA-11,-0.044968996,0.11027178568647301,0.10773313971593146,0.13737
aA-10,0.1539826,0.053889883965423255,0.0552083132897388,0.08455333333333333
aA-9,0.09946236,0.04142979518729071,0.04328485595504452,0.05698
aA-8,0.13803999,0.07078887937076551,0.0682645887965574,0.06469
aA-7,0.119045354,0.046647457363133714,0.04701224372930944,0.07617333333333333
aA-6,-0.14784399,0.14710692313682736,0.1461160571569971,0.10366333333333333
aA-5,-0.12682909,0.17148197180904914,0.17214523570531898,0.11779666666666666
aA-4,-0.030425087,0.07281364379721206,0.07294267829058722,0.04844
aA-3,0.16261828,0.0,1.7879809779194304e-08,3.3333333333333333e-06
aA-2,-0.004062839,0.0,0.0,0.0
aA-1,0.0046109483,0.0,0.0,0.0
aC0,-0.029867467,1.0,1.0,1.0
aC1,-0.037672065,0.0,0.0,0.0
aC2,-0.09084911,0.07250214157775874,0.07390805623769878,0.04888666666666667
aC3,0.99978805,7.78755548633284e-05,0.00012340395684948786,0.0005833333333333334
aC4,1.3194656,0.0010902577680865977,0.0015125486270168948,0.0065
aC5,1.5453056,0.000389377774316642,0.0005260141896441305,0.0054666666666666665
aC6,1.3604608,0.0002336266645899852,0.00044291678951065364,0.004113333333333333
aC7,1.2191178,0.0005451288840432988,0.0006091569555447679,0.004336666666666667
aC8,0.8273839,0.0007008799937699556,0.0008423825747296284,0.0038133333333333335
aC9,0.92905825,0.0005451288840432988,0.0005589646650179775,0.0026566666666666666
aC10,0.7488455,0.0001557511097266568,0.0001529933430234955,0.0013066666666666667
aC11,1.689756,0.0,1.3925140301076907e-05,0.00041
aC12,1.2449043,0.0,1.3787030280154956e-06,0.00012666666666666666
aC13,0.57032764,0.0,1.62139771632568e-07,3.3333333333333335e-05
aC14,0.14053641,0.0,1.255826482468381e-06,3.3333333333333333e-06
aC15,-0.017343223,0.0,0.0,0.0
aC16,-0.054500677,0.0,0.0,0.0
aC17,0.026101992,0.0,0.0,0.0
aC18,-0.015281942,0.0,0.0,0.0
aC19,-0.061466943,0.0,0.0,0.0
aC20,0.013425723,0.0,0.0,0.0
aC21,0.035066,0.0,0.0,0.0
aC22,0.015208341,0.0,0.0,0.0
aC23,0.05499573,0.0,0.0,0.0
aC24,0.018712021,0.0,0.0,0.0
aC-25,0.010459356,0.0,0.0,0.0
aC-24,-0.0056491457,0.0,0.0,0.0
aC-23,0.31567916,0.0,6.248562595777242e-08,1.3333333333333333e-05
aC-22,0.64366025,0.0,3.324620365919248e-07,7.666666666666667e-05
aC-21,-0.113138676,0.0002336266645899852,7.989258799770161e-05,0.0004366666666666667
aC-20,0.3153895,0.0002336266645899852,5.440159773582318e-05,0.0019666666666666665
aC-19,0.15012911,0.0008566311034966124,0.0009369405945488946,0.007856666666666666
aC-18,0.07127996,0.009656568803052722,0.00966713560334642,0.025946666666666666
aC-17,0.036357246,0.039327155205980846,0.040252386997716674,0.06673333333333334
aC-16,-0.16047056,0.18752433611089478,0.19318824336154503,0.13108
aC-15,0.017597282,0.26610077096799317,0.2597778693225363,0.19629
aC-14,-0.040484052,0.3095553305817304,0.312029467490155,0.22229666666666667
aC-13,0.02985949,0.14562728759442412,0.14687656614652994,0.19123666666666667
aC-12,0.04938223,0.08028969706409159,0.07805357618900713,0.12416
aC-11,-0.040578127,0.026711315318121643,0.02754567862660871,0.059833333333333336
aC-10,0.5637274,0.006152168834202944,0.006134529355784246,0.022473333333333335
aC-9,0.5057743,0.0017132622069932248,0.0014912377385509646,0.0077666666666666665
aC-8,1.6887071,0.0001557511097266568,0.0003699511863380338,0.006026666666666666
aC-7,0.9356317,0.002102639981309867,0.0021350690663891813,0.009823333333333333
aC-6,2.2283514,0.0,8.29406283662333e-05,0.0028933333333333333
aC-5,2.0928063,0.0,1.6877707095931382e-05,0.0013266666666666667
aC-4,-0.048379656,0.0,0.0,0.0
aC-3,-0.051741704,0.0,0.0,0.0
aC-2,0.01803124,0.0,0.0,0.0
aC-1,0.033332154,0.0,0.0,0.0
aD0,0.060217246,0.0,0.0,0.0
aD1,0.7567914,0.0,7.561785704624772e-05,6.666666666666667e-05
aD2,1.0407617,7.78755548633284e-05,0.00018001884026812377,0.00044333333333333334
aD3,0.64159507,0.0017132622069932248,0.0015406961425750022,0.0042966666666666665
aD4,-0.2376642,0.12218674558056226,0.12700467486561887,0.09323
aD5,-0.18399847,0.13994237208940113,0.14049808533135041,0.12130666666666666
aD6,0.0743986,0.06409158165251927,0.06578117722530047,0.07724333333333333
aD7,0.25057286,0.04672533291799704,0.047263666826635825,0.06947333333333333
aD8,0.21272044,0.046881084027723695,0.04940885427662575,0.06420666666666666
aD9,0.02303782,0.05575889728214314,0.0565230834066019,0.06114
aD10,0.22378822,0.026321937543805,0.02654142170940046,0.04955
aD11,0.4654354,0.016743244295615606,0.01778001563435408,0.032733333333333337
aD12,0.078538455,0.004984035511253018,0.005336850669941484,0.016316666666666667
aD13,0.6998546,0.0006230044389066272,0.0006902852928038148,0.006206666666666667
aD14,0.09096371,0.0002336266645899852,0.0001644088133613341,0.0019433333333333334
aD15,1.5604037,0.0,4.34194604401266e-06,0.0005033333333333333
aD16,0.6364052,0.0,4.323237402569397e-06,9.333333333333333e-05
aD17,0.21425559,0.0,1.2677879522880895e-09,1.6666666666666667e-05
aD18,0.053218875,0.0,5.087612006396838e-10,3.3333333333333333e-06
aD19,0.0379965,0.0,0.0,0.0
aD20,-0.049128707,0.0,0.0,0.0
aD21,0.061219446,0.0,0.0,0.0
aD22,-0.034891594,0.0,0.0,0.0
aD23,0.03359834,0.0,0.0,0.0
aD24,0.048016243,0.0,0.0,0.0
aD-25,-0.031061366,0.0,0.0,0.0
aD-24,0.048840046,0.0,0.0,0.0
aD-23,-0.055983357,0.0,0.0,0.0
aD-22,-0.008862916,0.0,0.0,0.0
aD-21,-0.007957637,0.0,0.0,0.0
aD-20,0.0066269636,0.0,0.0,0.0
aD-19,-0.016627997,0.0,0.0,0.0
aD-18,0.33466852,0.0,2.1657224180374407e-08,2e-05
aD-17,0.14853318,7.78755548633284e-05,1.2957196787886574e-05,9e-05
aD-16,1.4975227,0.0,9.339163911209063e-06,0.00039
aD-15,0.81701845,7.78755548633284e-05,7.526611474120882e-05,0.00153
aD-14,0.42321435,0.0010902577680865977,0.0014505173242679486,0.0052966666666666665
aD-13,0.29145342,0.007164551047426213,0.007465756370224306,0.01352
aD-12,0.099247016,0.03987228409002414,0.04164761293706748,0.029113333333333335
aD-11,0.12428169,0.07335877268125536,0.07586068878015749,0.04964333333333333
aD-10,0.14345,0.08356047036835137,0.08562931763192426,0.06668666666666667
aD-9,0.018668689,0.06782960828595903,0.07017740489588087,0.06673
aD-8,-0.041542117,0.05692703060509306,0.05789822955131641,0.06735666666666666
aD-7,0.040640697,0.061755315006619425,0.06177733487765033,0.05468666666666667
aD-6,-0.5449504,0.02733431975702827,0.02634628641813667,0.03363666666666667
aD-5,-0.123973414,0.1072346390468032,0.11044219148751101,0.11969666666666667
aD-4,2.1553774,0.0,4.38793235270486e-06,0.09034666666666667
aD-3,0.18944687,0.0,1.7277311120144043e-08,6.666666666666667e-06
aD-2,0.463047,0.0,1.942354143887513e-07,2.3333333333333332e-05
aD-1,-0.0500557,0.0,0.0,0.0
aE0,0.05445897,0.0,0.0,0.0
aE1,0.22447114,0.0001557511097266568,0.00010492971206459317,0.00013666666666666666
aE2,1.5987401,0.0,9.396865581128057e-05,0.0003933333333333333
aE3,0.7248278,0.0010902577680865977,0.0009421035513973449,0.0023166666666666665
aE4,0.101255916,0.029826337512654778,0.030132674171226344,0.026756666666666668
aE5,-0.31156045,0.0567712794953664,0.05835390096346368,0.0467
aE6,0.42781118,0.015964488746982322,0.014834665525507067,0.03355
aE7,0.21687508,0.03527762635308777,0.03441634243335376,0.05969
aE8,0.134979,0.06790748384082236,0.06723604464931804,0.09514
aE9,0.16326761,0.13153181216416168,0.1290156673554051,0.12017
aE10,-0.09407856,0.2004516782182073,0.20096657722767028,0.11670666666666667
aE11,-0.05587521,0.1590218830309166,0.15874832313156256,0.08921666666666667
aE12,0.11353764,0.06759598162136905,0.06958493726803223,0.05237
aE13,0.10910402,0.013005217662175843,0.014319925811426637,0.023286666666666667
aE14,0.15099633,0.0031928977493964643,0.003160589754713486,0.008093333333333333
aE15,0.72087777,0.0002336266645899852,0.00020968326205870813,0.0023066666666666665
aE16,0.4915605,7.78755548633284e-05,5.103026576570155e-05,0.0005266666666666667
aE17,1.1485065,0.0,3.2853092067141553e-06,0.00013
aE18,0.3638646,0.0,2.1347979680493266e-07,2e-05
aE19,-0.038287394,0.0,0.0,0.0
aE20,-0.023854908,0.0,0.0,0.0
aE21,-0.043703403,0.0,0.0,0.0
aE22,-0.019969817,0.0,0.0,0.0
aE23,0.052846,0.0,0.0,0.0
aE24,0.010975577,0.0,0.0,0.0
aE-25,-0.05403696,0.0,0.0,0.0
aE-24,0.008303292,0.0,0.0,0.0
aE-23,0.03587781,0.0,0.0,0.0
aE-22,-0.04111432,0.0,0.0,0.0
aE-21,-0.033528484,0.0,0.0,0.0
aE-20,0.039278284,0.0,0.0,0.0
aE-19,-0.023681205,0.0,0.0,0.0
aE-18,-0.010036871,0.0,0.0,0.0
aE-17,0.18400902,0.0,1.5545383320825932e-07,6.666666666666667e-06
aE-16,0.66580844,0.0,1.6470196070850785e-05,6.666666666666667e-05
aE-15,1.5194008,0.0,5.0079691313093035e-06,0.00025666666666666665
aE-14,0.5823579,0.0001557511097266568,0.00015636788209299544,0.0011133333333333334
aE-13,0.16092278,0.0020247644264465383,0.0019315253460901677,0.003576666666666667
aE-12,-0.051574867,0.010123822132232693,0.010815475612912469,0.008143333333333334
aE-11,0.0014756918,0.023129039794408536,0.024079811600711706,0.013903333333333334
aE-10,-0.00483864,0.028502453079978195,0.028022072206305024,0.01792
aE-9,0.18603183,0.02188303091659528,0.021912551214436044,0.02413
aE-8,0.20608377,0.02390779534304182,0.024533312055110067,0.027366666666666668
aE-7,0.42824763,0.008566311034966124,0.009089656670941476,0.019666666666666666
aE-6,0.16231175,0.011837084339225918,0.01231190796129424,0.02351
aE-5,-0.28917864,0.28806167743945177,0.2826752678066457,0.17776
aE-4,0.1348097,0.36391246787633363,0.3666251468076168,0.3600833333333333
aE-3,0.20441332,0.0,1.3374458831964082e-07,6.666666666666667e-06
aE-2,-0.04398094,0.0,0.0,0.0
aE-1,-0.052187797,0.0,0.0,0.0
aF0,0.032104038,0.0,0.0,0.0
aF1,0.031251483,0.0,2.4331267747755632e-05,3.3333333333333333e-06
aF2,0.37312046,7.78755548633284e-05,6.77928138143854e-05,0.00010333333333333333
aF3,0.4690342,0.0004672533291799704,0.0004350173323020904,0.0008633333333333334
aF4,-0.27027178,0.03434311969472782,0.036953098050250564,0.024186666666666665
aF5,0.31793755,0.005139786620979674,0.004683593048651703,0.006673333333333333
aF6,-0.11118763,0.008176933260649482,0.007733389239085471,0.00466
aF7,-0.12203465,0.010279573241959349,0.009592235286288974,0.00549
aF8,0.097107984,0.008410559925239468,0.00771007940426982,0.010043333333333333
aF9,-0.19667925,0.011603457674635932,0.01156049678660467,0.029173333333333332
aF10,-0.055980626,0.03566700412740441,0.034951917548810774,0.07968666666666667
aF11,0.008148111,0.10614438127871662,0.1038442552560477,0.16159333333333334
aF12,-0.1285014,0.22910988240791216,0.23008622859117944,0.24071
aF13,-0.024027249,0.3923370454014485,0.39064239201812123,0.2673466666666667
aF14,-0.021061713,0.3231056771279495,0.3173436350860108,0.22697666666666666
aF15,-0.123546205,0.19718090491394752,0.2031016074616334,0.14643666666666666
aF16,0.08786352,0.04205279962619734,0.04315859181364272,0.07277
aF17,0.04291977,0.010045946577369364,0.009994753030507026,0.027686666666666665
aF18,0.07451451,0.0009345066583599408,0.0009393701858993248,0.008283333333333334
aF19,0.2402524,0.0002336266645899852,5.919328531125172e-05,0.0020466666666666667
aF20,-0.11293561,0.0002336266645899852,8.014535868336533e-05,0.00044666666666666666
aF21,0.71064764,0.0,3.324620365919248e-07,7.666666666666667e-05
aF22,0.32337296,0.0,6.248562595777242e-08,1.3333333333333333e-05
aF23,0.056330793,0.0,0.0,0.0
aF24,-0.004207626,0.0,0.0,0.0
aF-25,0.041998573,0.0,0.0,0.0
aF-24,0.016292885,0.0,0.0,0.0
aF-23,-0.007099781,0.0,0.0,0.0
aF-22,-0.040599346,0.0,0.0,0.0
aF-21,0.0007844493,0.0,0.0,0.0
aF-20,-0.0046600513,0.0,0.0,0.0
aF-19,0.040708825,0.0,0.0,0.0
aF-18,0.040370166,0.0,0.0,0.0
aF-17,-0.1829271,7.78755548633284e-05,1.6966297531444657e-07,6.666666666666667e-06
aF-16,0.8835357,0.0,5.629939906540854e-07,4.6666666666666665e-05
aF-15,-0.16174535,0.0001557511097266568,4.8816364428967e-05,0.00016666666666666666
aF-14,0.25562555,0.000389377774316642,0.00025855427044197825,0.00068
aF-13,0.54870576,0.0009345066583599408,0.0010168297149041013,0.0020166666666666666
aF-12,0.22478336,0.005918542169612959,0.006762417658433818,0.00469
aF-11,0.12592174,0.009422942138462736,0.009719447665557865,0.00663
aF-10,-0.33730948,0.01557511097266568,0.017457736157540846,0.007933333333333334
aF-9,0.34935385,0.004594657736936376,0.0045459203014643216,0.0067666666666666665
aF-8,-0.31740826,0.019079510941515457,0.017018621566360664,0.009876666666666667
aF-7,-0.48654842,0.013316719881629156,0.014016773164018082,0.00577
aF-6,1.9080672,7.78755548633284e-05,0.0003379742393291132,0.00293
aF-5,1.8383104,0.0,4.7532178119313656e-05,0.0010333333333333334
aF-4,-0.0489965,0.0,0.0,0.0
aF-3,0.20810418,0.0,2.3410759436766914e-08,6.666666666666667e-06
aF-2,-0.21930747,0.3460010902577681,0.3417311384649047,0.26671666666666666
aF-1,-0.019576818,1.0,1.0,1.0
aG0,-0.033508882,0.0,0.0,0.0
aG1,0.45935014,0.03115022194533136,0.03148662603782247,0.03505333333333333
aG2,0.35019118,0.0016353866521298965,0.0020306167408538685,0.0018066666666666667
aG3,-0.01717076,0.10949303013783973,0.11361785110450029,0.07972
aG4,0.465392,0.06798535939568569,0.06930638672314676,0.08789333333333334
aG5,0.26203367,0.2428938556187213,0.23802582948867151,0.2307
aG6,0.15364948,0.32840121485865587,0.3259752063516319,0.30629666666666666
aG7,0.061512113,0.34615684136749475,0.35026205461194704,0.28724666666666665
aG8,0.2054908,0.16813332294992603,0.16852912489211655,0.19666666666666666
aG9,0.2308196,0.06915349271863562,0.07100762392499987,0.10721
aG10,0.21025619,0.03706876411494432,0.03599396882364518,0.05203
aG11,-0.002259905,0.02912545751888482,0.029666057731072913,0.024706666666666665
aG12,-0.053498447,0.0066972977182462425,0.006178500355150416,0.010853333333333333
aG13,0.124332234,0.0017132622069932248,0.001428800959697003,0.004156666666666667
aG14,0.23698133,0.0001557511097266568,0.00010506783752113276,0.0011833333333333333
aG15,1.5963683,0.0,3.908603051001062e-06,0.00029666666666666665
aG16,0.13145258,7.78755548633284e-05,1.615760297969988e-05,8.666666666666667e-05
aG17,0.23353937,0.0,7.996548960300915e-09,6.666666666666667e-06
aG18,0.12775853,0.0,9.525791165318547e-09,3.3333333333333333e-06
aG19,-0.055590335,0.0,0.0,0.0
aG20,-0.015895326,0.0,0.0,0.0
aG21,0.03679344,0.0,0.0,0.0
aG22,0.052011654,0.0,0.0,0.0
aG23,-0.06262068,0.0,0.0,0.0
aG24,-0.009006206,0.0,0.0,0.0
aG-25,0.013858318,0.0,0.0,0.0
aG-24,-0.060704652,0.0,0.0,0.0
aG-23,0.004386425,0.0,0.0,0.0
aG-22,-0.009624697,0.0,0.0,0.0
aG-21,0.05090604,0.0,0.0,0.0
aG-20,0.096256346,0.0,6.633867655484336e-08,3.3333333333333333e-06
aG-19,0.6201935,0.0,6.830163652220729e-08,5e-05
aG-18,0.04484266,7.78755548633284e-05,9.39894138034624e-06,0.00014666666666666666
aG-17,0.5796032,7.78755548633284e-05,3.3330614248556595e-05,0.0006066666666666667
aG-16,0.9963256,0.0001557511097266568,0.0001972226928453943,0.0019433333333333334
aG-15,0.16900754,0.0034265244139864495,0.0030580336259218,0.0051133333333333334
aG-14,-0.08351758,0.012382213223269215,0.01110419875375263,0.01224
aG-13,-0.43416587,0.0405731640837941,0.03926255026398019,0.0234
aG-12,-0.2751366,0.050930612880616774,0.0510043957531167,0.04407333333333333
aG-11,-0.14092015,0.08955688809282766,0.09176185988731461,0.08518
aG-10,-0.1337836,0.1759987539911222,0.17662885353421096,0.16257333333333332
aG-9,-0.3161828,0.37302390779534306,0.36603815310297494,0.2706866666666667
aG-8,-0.13657384,0.3812008410559925,0.38461774077250377,0.3111333333333333
aG-7,-0.055751786,0.2111206292344833,0.21073867350075742,0.23909
aG-6,2.5576928,0.0,0.0047296835969278085,0.18057666666666666
aG-5,0.26156113,0.10131609687719025,0.10444096987287368,0.08875666666666666
aG-4,1.5388329,0.0,8.279663564034764e-06,0.00029
aG-3,0.6707868,0.0,3.189547556073127e-07,5e-05
aG-2,0.044113908,0.0,1.1397062233390788e-09,3.3333333333333333e-06
aG-1,-0.01713349,0.0,0.0,0.0
aH0,-0.029542852,0.0,0.0,0.0
aH1,0.1995493,0.0,1.65130384037479e-07,6.666666666666667e-06
aH2,0.33349812,7.78755548633284e-05,8.676851355342794e-05,0.00011333333333333333
aH3,0.52071047,0.0005451288840432988,0.0005748138699845104,0.0014066666666666667
aH4,0.06387037,0.014952106533759052,0.014771188438638547,0.019196666666666667
aH5,0.22810268,0.009189315473872752,0.009386212657506825,0.01444
aH6,0.07532275,0.009422942138462736,0.010003285816377631,0.01377
aH7,0.42271638,0.005918542169612959,0.005607628231740704,0.01125
aH8,0.3797078,0.004984035511253018,0.0050345999029779995,0.008426666666666667
aH9,-0.076403745,0.003971653298029749,0.004135883568666271,0.004753333333333333
aH10,0.13604075,0.0010123822132232692,0.0010790290034005407,0.0021666666666666666
aH11,0.86601424,0.0001557511097266568,8.381581648409268e-05,0.0008166666666666667
aH12,0.2616591,7.78755548633284e-05,2.4297842077679458e-05,0.00025333333333333333
aH13,0.72855204,0.0,1.1208787401065736e-06,5e-05
aH14,0.105249785,0.0,2.995578076016982e-10,6.666666666666667e-06
aH15,-0.031547662,0.0,0.0,0.0
aH16,-0.050882023,0.0,0.0,0.0
aH17,-0.008411601,0.0,0.0,0.0
aH18,0.05037409,0.0,0.0,0.0
aH19,-0.02823335,0.0,0.0,0.0
aH20,0.05564165,0.0,0.0,0.0
aH21,0.005521156,0.0,0.0,0.0
aH22,-0.04697146,0.0,0.0,0.0
aH23,-0.052070606,0.0,0.0,0.0
aH24,-0.06127166,0.0,0.0,0.0
aH-25,0.02282703,0.0,0.0,0.0
aH-24,-0.045629,0.0,0.0,0.0
aH-23,0.01601506,0.0,0.0,0.0
aH-22,0.009543717,0.0,0.0,0.0
aH-21,-0.029518023,0.0,0.0,0.0
aH-20,0.039284557,0.0,0.0,0.0
aH-19,0.037238374,0.0,0.0,0.0
aH-18,-0.0044076256,0.0,0.0,0.0
aH-17,0.28189814,0.0,8.812187270415819e-07,6.666666666666667e-06
aH-16,0.27455842,0.0,3.105140481031367e-07,1e-05
aH-15,0.010086637,7.78755548633284e-05,1.2300784438426936e-05,8e-05
aH-14,1.7039489,0.0,2.0692885374419597e-05,0.00040333333333333334
aH-13,0.11306602,0.0007008799937699556,0.0005506001707893266,0.0012666666666666666
aH-12,-0.2579993,0.003738026633439763,0.0037129377146844114,0.003013333333333333
aH-11,0.1670532,0.005217662175843003,0.005169403384258774,0.00559
aH-10,0.096970715,0.008644186589829453,0.008533270645095774,0.0083
aH-9,0.29220542,0.005996417724476287,0.006974255474856857,0.01081
aH-8,0.2767859,0.00973444435791605,0.009917936400779216,0.016613333333333334
aH-7,0.4493323,0.010123822132232693,0.010358175823097022,0.015643333333333332
aH-6,-0.10312892,0.006074293279339615,0.005452386038639986,0.01071
aH-5,2.310993,0.0,8.565009584178466e-05,0.00418
aH-4,0.24691483,0.0,6.6027132676853465e-09,2.3333333333333332e-05
aH-3,-0.0620344,0.0,0.0,0.0
aH-2,0.04240377,0.0,2.2167457697366135e-09,6.666666666666667e-06
aH-1,-0.003474135,0.0,0.0,0.0
aI0,0.044022568,0.0,0.0,0.0
aI1,-0.020632721,0.0,0.0,0.0
aI2,0.87598634,0.000778755548633284,0.0010329453424886075,0.0019033333333333333
aI3,0.5007573,0.002492017755626509,0.0023208533739666444,0.00421
aI4,-0.19483663,0.03924927965111751,0.04110103926768371,0.02766
aI5,-0.024196481,0.006930924382836228,0.0067431261471752645,0.0063033333333333335
aI6,-0.0037793582,0.012537964332995873,0.011709186266088379,0.008616666666666667
aI7,0.033585876,0.014484853204579082,0.014716881169555548,0.008913333333333334
aI8,0.17644829,0.009422942138462736,0.00958907184163731,0.007546666666666667
aI9,0.25359127,0.002725644420216494,0.002933084575342123,0.004593333333333333
aI10,0.37825945,0.0007008799937699556,0.0007953409669521421,0.0023233333333333335
aI11,0.38389882,0.0001557511097266568,0.0001565260269083446,0.0007533333333333333
aI12,1.2842189,0.0,4.2323081493835085e-06,0.00020666666666666666
aI13,0.5548065,0.0,8.518989988515347e-07,4e-05
aI14,0.17013247,0.0,8.149426891268746e-09,6.666666666666667e-06
aI15,0.020782106,0.0,0.0,0.0
aI16,0.15364005,0.0,4.1947530521798867e-10,3.3333333333333333e-06
aI17,-0.006506402,0.0,0.0,0.0
aI18,0.02911587,0.0,0.0,0.0
aI19,-0.058053605,0.0,0.0,0.0
aI20,0.011856519,0.0,0.0,0.0
aI21,0.006971106,0.0,0.0,0.0
aI22,-0.02309139,0.0,0.0,0.0
aI23,0.051540717,0.0,0.0,0.0
aI24,-0.014690198,0.0,0.0,0.0
aI-25,-0.019922812,0.0,0.0,0.0
aI-24,-0.040026903,0.0,0.0,0.0
aI-23,-0.030478023,0.0,0.0,0.0
aI-22,0.027149007,0.0,0.0,0.0
aI-21,0.016699396,0.0,0.0,0.0
aI-20,-0.035232786,0.0,0.0,0.0
aI-19,-0.02341653,0.0,0.0,0.0
aI-18,0.03873705,0.0,0.0,0.0
aI-17,0.3313842,0.0,6.909953022677274e-07,1e-05
aI-16,0.7293634,0.0,1.6881312008138037e-06,6.333333333333333e-05
aI-15,1.5466597,0.0,1.512802737487383e-05,0.00025666666666666665
aI-14,0.8559346,0.0001557511097266568,0.00027576843262637057,0.0010566666666666667
aI-13,0.43251374,0.0014796355424032397,0.0019860962773809634,0.00284
aI-12,0.40118405,0.0066972977182462425,0.007250510023103353,0.00584
aI-11,-0.17294484,0.017677750953975547,0.017507142371097708,0.008586666666666666
aI-10,0.04162235,0.013005217662175843,0.014302492522134279,0.00911
aI-9,0.0735106,0.006775173273109571,0.007008760831568054,0.008546666666666666
aI-8,-0.031777073,0.030059964177244762,0.02925582858937706,0.02198
aI-7,-0.3334591,0.01362822210108247,0.013207494109186682,0.008516666666666667
aI-6,2.4182727,0.0,0.00024545832033231725,0.004856666666666666
aI-5,2.0760543,0.0,4.5893836048423914e-05,0.00141
aI-4,0.15342996,0.0,1.8802089481667936e-07,3.3333333333333333e-06
aI-3,0.1285649,0.0,7.26622051948488e-09,3.3333333333333333e-06
aI-2,0.050679132,0.0,0.0,0.0
aI-1,-0.05585257,0.0,0.0,0.0
aK0,-0.031918444,0.0,0.0,0.0
aK1,0.41210857,0.0,2.3521271859332383e-05,1e-05
aK2,1.8274724,7.78755548633284e-05,0.000395676271762045,0.00227
aK3,0.07094451,0.003815902188303092,0.0030777957284637346,0.00623
aK4,-0.04463455,0.007242426602289541,0.007308751495176367,0.008923333333333333
aK5,0.22783007,0.008877813254419437,0.008085031833024553,0.013746666666666667
aK6,0.14459616,0.00778755548633284,0.007971595829504036,0.012553333333333333
aK7,0.22083332,0.0063857954987929285,0.006688733178139199,0.00936
aK8,0.22196923,0.005451288840432988,0.005664957289496967,0.0074266666666666665
aK9,0.70998734,0.0012460088778132544,0.0014888504782077513,0.00453
aK10,0.5909895,0.0004672533291799704,0.0006189536255219583,0.00201
aK11,0.010707603,0.000389377774316642,0.0002001663015997708,0.0006766666666666667
aK12,1.22529,0.0,9.236852173584388e-06,0.00017666666666666666
aK13,0.50994605,0.0,3.5450917016678e-06,3.6666666666666666e-05
aK14,0.27124873,0.0,1.523777774025224e-07,6.666666666666667e-06
aK15,-0.038322344,0.0,0.0,0.0
aK16,-0.02984839,0.0,0.0,0.0
aK17,0.009067394,0.0,0.0,0.0
aK18,-0.0022388175,0.0,0.0,0.0
aK19,-0.03716873,0.0,0.0,0.0
aK20,0.040350154,0.0,0.0,0.0
aK21,-0.017989084,0.0,0.0,0.0
aK22,0.0350129,0.0,0.0,0.0
aK23,-0.034976453,0.0,0.0,0.0
aK24,-0.0352384,0.0,0.0,0.0
aK-25,0.021552287,0.0,0.0,0.0
aK-24,-0.03292979,0.0,0.0,0.0
aK-23,-0.050374806,0.0,0.0,0.0
aK-22,0.061128907,0.0,0.0,0.0
aK-21,-0.009400725,0.0,0.0,0.0
aK-20,0.050014734,0.0,0.0,0.0
aK-19,-0.016091146,0.0,0.0,0.0
aK-18,0.020029478,0.0,0.0,0.0
aK-17,-0.04550814,0.0,0.0,0.0
aK-16,0.46971616,0.0,1.3490024369263187e-06,3e-05
aK-15,0.80071366,0.0,6.374507921807118e-06,9.666666666666667e-05
aK-14,0.6100795,7.78755548633284e-05,7.561619346292891e-05,0.0004133333333333333
aK-13,2.1341057,0.0001557511097266568,7.903948215415133e-05,0.0013966666666666667
aK-12,0.35390046,0.0018690133167198815,0.0019754200509252296,0.00339
aK-11,0.34146187,0.004672533291799704,0.004741044102579063,0.0061333333333333335
aK-10,0.33888438,0.006541546608519586,0.006387538060271868,0.008633333333333333
aK-9,0.3705045,0.0070087999376995565,0.0069196768968807516,0.01185
aK-8,0.26220968,0.00833268437037614,0.008648764953800637,0.012906666666666667
aK-7,0.02978184,0.005529164395296316,0.005285848081399914,0.009543333333333332
aK-6,-0.25338197,0.007553928821742855,0.007337838865168657,0.011043333333333334
aK-5,2.1469352,0.0,6.678894150848875e-05,0.00197
aK-4,1.6630746,0.0,1.1668485897945334e-05,0.00055
aK-3,-0.042158052,0.0,0.0,0.0
aK-2,-0.0038606562,0.0,0.0,0.0
aK-1,-0.04808999,0.0,0.0,0.0
aL0,0.0477805,0.0,0.0,0.0
aL1,0.31600547,0.0,3.0957579544085006e-05,6.666666666666667e-06
aL2,0.80741405,0.0002336266645899852,0.0003295838812728426,0.00044666666666666666
aL3,0.8044203,0.001557511097266568,0.0018999087122939424,0.004613333333333333
aL4,0.012581024,0.18978272720193132,0.17650001834661277,0.22201
aL5,0.12765446,0.047426212911767,0.04666093144935175,0.043083333333333335
aL6,-0.2215595,0.058640292812086284,0.06109640293837058,0.03938333333333333
aL7,0.060051326,0.02429717311735846,0.02332225961806926,0.026483333333333334
aL8,-0.038210083,0.017132622069932248,0.017344779953205797,0.023756666666666666
aL9,-0.11159387,0.034031617475274514,0.03242449046583065,0.037616666666666666
aL10,-0.0049573006,0.05272175064247333,0.05382366004664656,0.06522
aL11,-0.09540879,0.13176543882875166,0.12874188687104937,0.09139333333333333
aL12,-0.102641456,0.14804142979518728,0.14358651578217957,0.096
aL13,-0.17592189,0.12187524336110894,0.1246846457776392,0.07303666666666667
aL14,-0.051018354,0.03301923526205124,0.03255846421690435,0.04221333333333333
aL15,-0.11986987,0.007709679931469511,0.007905316629587067,0.017673333333333333
aL16,0.31336913,0.000778755548633284,0.0007472436553707253,0.00579
aL17,0.532694,0.0001557511097266568,2.4012197997114404e-05,0.00154
aL18,0.03604071,0.0001557511097266568,4.6673752874868844e-05,0.00030333333333333335
aL19,0.05525961,7.78755548633284e-05,2.6629244019835878e-05,5.6666666666666664e-05
aL20,0.48768538,0.0,1.1462712244869833e-07,2e-05
aL21,0.012771577,0.0,0.0,0.0
aL22,0.046544284,0.0,0.0,0.0
aL23,-0.01355955,0.0,0.0,0.0
aL24,-0.029553138,0.0,0.0,0.0
aL-25,0.062043235,0.0,0.0,0.0
aL-24,0.035506487,0.0,0.0,0.0
aL-23,-0.028062329,0.0,0.0,0.0
aL-22,-0.036218077,0.0,0.0,0.0
aL-21,0.003385201,0.0,0.0,0.0
aL-20,0.05853997,0.0,0.0,0.0
aL-19,0.09179074,0.0,4.392038546514165e-08,3.3333333333333333e-06
aL-18,0.42893562,0.0,7.650649745875916e-09,3e-05
aL-17,0.16967484,7.78755548633284e-05,2.8468039519541457e-05,0.00015
aL-16,-0.08205253,0.0001557511097266568,2.189334835313153e-05,0.00068
aL-15,-0.027978882,0.0004672533291799704,0.0003742484871117095,0.0028033333333333335
aL-14,-0.0243572,0.0029592710848064794,0.0025496114529640905,0.008746666666666666
aL-13,0.19047019,0.008877813254419437,0.008538427450458113,0.022436666666666667
aL-12,0.13394193,0.03667938634062768,0.03543299262120421,0.04265
aL-11,-0.034680504,0.07001012382213223,0.06308422978606999,0.06301333333333334
aL-10,-0.21561545,0.10209485242582353,0.09947613831691288,0.07116
aL-9,-0.07938197,0.05762791059886302,0.057774365952005115,0.060893333333333334
aL-8,-0.08979911,0.042987306284557276,0.04179155284152801,0.04682
aL-7,-0.10428253,0.01853438205747216,0.01770084462669533,0.02306
aL-6,2.2171278,7.78755548633284e-05,0.0007058280620734656,0.010026666666666666
aL-5,2.2878351,0.0,7.614671186560497e-05,0.0024966666666666666
aL-4,0.5039546,0.0,4.936086332803183e-08,2e-05
aL-3,-0.29178852,0.4560392492796511,0.45153175676321833,0.3884433333333333
aL-2,-0.10418524,0.07281364379721206,0.07266789035406533,0.047213333333333336
aL-1,-0.019890197,0.0,0.0,0.0
aM0,-0.039740786,0.0,0.0,0.0
aM1,0.0130947605,0.0,0.0,0.0
aM2,1.9673325,0.0,0.00014079561134722332,0.0006933333333333333
aM3,0.80002046,0.0005451288840432988,0.0005498549326843764,0.0019266666666666666
aM4,0.10833979,0.005996417724476287,0.006116091306488726,0.006096666666666667
aM5,0.01000004,0.0028813955299431507,0.002556205161044841,0.002853333333333333
aM6,0.048892718,0.0018690133167198815,0.0019967367475744744,0.0026333333333333334
aM7,0.26838708,0.0008566311034966124,0.0007873915702028426,0.0015466666666666667
aM8,0.36609918,0.0006230044389066272,0.0004710987097881283,0.0011533333333333333
aM9,1.0114813,7.78755548633284e-05,0.00011976473414116412,0.0006333333333333333
aM10,1.3412342,0.0,1.3973487106373446e-05,0.00017666666666666666
aM11,0.79397607,0.0,3.170191091342264e-06,8e-05
aM12,0.31225723,0.0,1.2181064165574572e-06,1.6666666666666667e-05
aM13,0.14013067,0.0,1.0628602200897147e-09,3.3333333333333333e-06
aM14,-0.008773863,0.0,8.530688126672542e-09,3.3333333333333333e-06
aM15,0.006173268,0.0,0.0,0.0
aM16,0.030437842,0.0,0.0,0.0
aM17,0.02466426,0.0,0.0,0.0
aM18,0.032193303,0.0,0.0,0.0
aM19,-0.037801087,0.0,0.0,0.0
aM20,-0.0427951,0.0,0.0,0.0
aM21,0.04763484,0.0,0.0,0.0
aM22,0.016554475,0.0,0.0,0.0
aM23,-0.01149267,0.0,0.0,0.0
aM24,-0.06102463,0.0,0.0,0.0
aM-25,-0.057013884,0.0,0.0,0.0
aM-24,-0.04442475,0.0,0.0,0.0
aM-23,0.06167694,0.0,0.0,0.0
aM-22,-0.037544228,0.0,0.0,0.0
aM-21,-0.058462754,0.0,0.0,0.0
aM-20,-0.0004568547,0.0,0.0,0.0
aM-19,0.02185423,0.0,0.0,0.0
aM-18,0.03127186,0.0,0.0,0.0
aM-17,-0.0032870881,0.0,0.0,0.0
aM-16,0.086792514,0.0,5.747061501905158e-08,3.3333333333333333e-06
aM-15,0.9622821,0.0,4.693074694300377e-06,5.6666666666666664e-05
aM-14,1.4979482,0.0,2.7340643539393133e-05,0.00019333333333333333
aM-13,0.9746081,7.78755548633284e-05,0.00015113207678954356,0.0005166666666666667
aM-12,0.6174699,0.000778755548633284,0.0008896045807504884,0.0012533333333333333
aM-11,0.09664786,0.0028035199750798224,0.0024937394054952962,0.00232
aM-10,-0.054045714,0.004283155517483062,0.0041497766406140895,0.0030566666666666667
aM-9,0.27468136,0.002336266645899852,0.002269384731986595,0.003673333333333333
aM-8,0.4623799,0.0017911377618565533,0.001845378897237202,0.00351
aM-7,0.18542808,0.000778755548633284,0.0008528386915665314,0.00188
aM-6,2.1193788,0.0,4.913170880472251e-05,0.0009933333333333333
aM-5,1.5475408,0.0,2.323222934121401e-05,0.00036
aM-4,0.039739363,0.0,0.0,0.0
aM-3,0.03328138,0.0,0.0,0.0
aM-2,-0.020272255,0.0,0.0,0.0
aM-1,-0.05044688,0.0,0.0,0.0
aN0,-0.044007894,0.0,0.0,0.0
aN1,0.18222417,0.0,1.0784757953725008e-05,6.666666666666667e-06
aN2,0.61706674,0.0004672533291799704,0.0007951660659606103,0.0011566666666666667
aN3,-0.22278883,0.0035822755237131065,0.0030492757544583913,0.0034533333333333334
aN4,-0.33683586,0.006463671053656257,0.006595096283792794,0.00631
aN5,-0.33385736,0.020870648703372012,0.019744568114855948,0.017873333333333335
aN6,-0.3313031,0.04594657736936376,0.045544185327990525,0.041306666666666665
aN7,-0.16195309,0.09531967915271396,0.09830103626529424,0.07867666666666667
aN8,-0.015376146,0.142045012070711,0.13907053571308994,0.10849666666666667
aN9,0.14544895,0.13285569659683824,0.1322707156337672,0.10792333333333333
aN10,0.3877397,0.05980842613503621,0.05981127562752445,0.08141333333333334
aN11,0.28876293,0.024141422007631804,0.02468621511661556,0.046406666666666666
aN12,0.13392727,0.005451288840432988,0.005720151102733547,0.02079
aN13,-0.16226952,0.0017911377618565533,0.0015516159219497614,0.007116666666666667
aN14,0.16241436,0.0002336266645899852,0.0001440818674719213,0.0021566666666666665
aN15,-0.03230745,0.0001557511097266568,3.760017730937649e-05,0.0004966666666666666
aN16,0.0053756037,7.78755548633284e-05,1.0238839897171452e-05,9e-05
aN17,0.3487013,0.0,6.858745735131869e-09,1.6666666666666667e-05
aN18,-0.018578421,0.0,0.0,0.0
aN19,-0.0028131157,0.0,0.0,0.0
aN20,-0.047479976,0.0,0.0,0.0
aN21,-0.017404918,0.0,0.0,0.0
aN22,-0.024482459,0.0,0.0,0.0
aN23,0.06155619,0.0,0.0,0.0
aN24,0.0522857,0.0,0.0,0.0
aN-25,0.0041271374,0.0,0.0,0.0
aN-24,0.013791159,0.0,0.0,0.0
aN-23,-0.05148446,0.0,0.0,0.0
aN-22,0.042655177,0.0,0.0,0.0
aN-21,-0.009686094,0.0,0.0,0.0
aN-20,-0.035050713,0.0,0.0,0.0
aN-19,-0.023720019,0.0,0.0,0.0
aN-18,0.09148078,0.0,4.392038546514165e-08,3.3333333333333333e-06
aN-17,-0.015518658,0.0,0.0,0.0
aN-16,0.23173958,0.0,7.84116151920813e-08,1e-05
aN-15,0.63231415,0.0,8.405610227261832e-06,4.6666666666666665e-05
aN-14,-0.058816496,0.0002336266645899852,0.00010800572059523522,0.00019666666666666666
aN-13,0.26432618,0.000389377774316642,0.0005200199346365349,0.0006466666666666667
aN-12,0.18997964,0.0016353866521298965,0.001880015827783311,0.0017766666666666666
aN-11,0.27627462,0.004205279962619734,0.004747721967814988,0.0033833333333333332
aN-10,0.23798472,0.006152168834202944,0.00631601667001517,0.00492
aN-9,0.18092543,0.005295537730706332,0.006210021123262817,0.005713333333333333
aN-8,-0.15377705,0.018845884276925472,0.01993012524010173,0.022196666666666667
aN-7,-0.07080936,0.20629234483295694,0.20974680099679735,0.11558666666666667
aN-6,-0.36556,0.2294992601822288,0.22044730170965207,0.2226
aN-5,0.283481,0.06666147496300912,0.06742791838113658,0.14651666666666666
aN-4,0.679321,0.0,1.916200657312868e-08,8.333333333333333e-05
aN-3,0.1235874,0.0,3.161934691604066e-08,3.3333333333333333e-06
aN-2,0.19150266,0.0,2.3134033670530876e-08,6.666666666666667e-06
aN-1,0.062744364,0.0,0.0,0.0
aP0,0.044028305,0.0,0.0,0.0
aP1,-0.24906935,0.0001557511097266568,2.9005078665515713e-06,1e-05
aP2,1.4909586,7.78755548633284e-05,0.0003563600396174963,0.0009066666666666666
aP3,1.306212,0.00194688887158321,0.002278092741688683,0.00985
aP4,-0.49592474,0.11151779456428627,0.10781205210525424,0.07346666666666667
aP5,0.3699989,0.0441554396075072,0.04377496523010764,0.0692
aP6,0.39256123,0.023284790904135193,0.024188154815188843,0.04269333333333333
aP7,0.008922195,0.01612023985670898,0.014327060066992756,0.017173333333333332
aP8,-0.26837534,0.017288373179658905,0.01738035798572057,0.012223333333333333
aP9,-0.22408077,0.013394595436492485,0.012664608444399865,0.011226666666666666
aP10,-0.09571826,0.01510785764348571,0.01466578440397828,0.011316666666666666
aP11,-0.1618941,0.022661786465228564,0.02261224916532739,0.01162
aP12,-0.10518167,0.01900163538665213,0.01841246349906062,0.0097
aP13,-0.103710555,0.010746826571139319,0.010582415232022958,0.006396666666666667
aP14,-0.041337125,0.00194688887158321,0.0019459663028455725,0.0031433333333333335
aP15,0.4371912,0.0003115022194533136,0.00020322701670878333,0.0011666666666666668
aP16,1.72815,0.0,6.358163764267608e-06,0.00033
aP17,0.7446216,0.0,8.046149333704489e-07,4e-05
aP18,-0.09624617,7.78755548633284e-05,2.6511279415389522e-05,1e-05
aP19,0.22371039,0.0,5.265025769156559e-08,1e-05
aP20,-0.041097112,0.0,0.0,0.0
aP21,0.037242554,0.0,0.0,0.0
aP22,0.019136459,0.0,0.0,0.0
aP23,-0.04388134,0.0,0.0,0.0
aP24,0.022107601,0.0,0.0,0.0
aP-25,-0.057991683,0.0,0.0,0.0
aP-24,0.05051075,0.0,0.0,0.0
aP-23,0.044608966,0.0,0.0,0.0
aP-22,0.031566113,0.0,0.0,0.0
aP-21,-0.012911681,0.0,0.0,0.0
aP-20,0.028228112,0.0,0.0,0.0
aP-19,0.04925731,0.0,0.0,0.0
aP-18,0.16352263,0.0,3.318400575139702e-09,3.3333333333333333e-06
aP-17,0.357041,0.0,1.329166779262757e-06,2e-05
aP-16,1.1337368,0.0,3.541781398304506e-06,0.00014
aP-15,0.39852896,7.78755548633284e-05,4.8242388912285585e-05,0.0005433333333333334
aP-14,-0.24890406,0.0010902577680865977,0.000935684230123736,0.00252
aP-13,-0.12027315,0.0050619110661163464,0.004637732266573739,0.00823
aP-12,-0.13441837,0.02437504867222179,0.02474448689286035,0.021433333333333332
aP-11,-0.03888173,0.04859434623471692,0.04660366514565828,0.038
aP-10,0.07819792,0.056693403940503075,0.05633078590622298,0.04753333333333333
aP-9,0.27003777,0.02725644420216494,0.02706590361815868,0.04281
aP-8,0.1113382,0.02772369753134491,0.02623100308048296,0.03458
aP-7,-0.06634126,0.02040339537419204,0.019530026108175006,0.02582
aP-6,-0.5504425,0.013706097655945798,0.012359394774782569,0.00884
aP-5,2.223478,0.0,6.742599178248386e-05,0.0024766666666666665
aP-4,1.439363,0.0,1.326924077442206e-05,0.00032
aP-3,-0.17817909,0.07281364379721206,0.07266789035406533,0.047213333333333336
aP-2,-0.052525558,0.0,0.0,0.0
aP-1,-0.030473948,0.0,0.0,0.0
aQ0,0.031035133,0.0,0.0,0.0
aQ1,0.003238,0.0,5.372928783674773e-07,3.3333333333333333e-06
aQ2,0.57494336,0.0001557511097266568,0.00028958357261283225,0.0003733333333333333
aQ3,0.4451436,0.0016353866521298965,0.0017145547220478866,0.004063333333333334
aQ4,-0.15775308,0.10785764348570984,0.11405220919530684,0.10884
aQ5,-0.059409235,0.041974924071334005,0.043272768660789475,0.04736666666666667
aQ6,-0.1145626,0.06619422163382914,0.067370336254231,0.06132
aQ7,0.102822095,0.050463359551436805,0.05192880075156911,0.06441333333333334
aQ8,-0.003779426,0.07927731485086831,0.08140762181154569,0.08073666666666666
aQ9,0.037038382,0.09220465695818082,0.09068259355892404,0.1072
aQ10,-0.17860729,0.13363445214547154,0.13638306463962024,0.12351
aQ11,-0.16157322,0.1903278560859746,0.1937562723423556,0.11623
aQ12,-0.09200743,0.14625029203333073,0.14547591054758763,0.08750333333333334
aQ13,-0.090177305,0.07771980375360174,0.07962589240634205,0.05277333333333333
aQ14,0.0441148,0.016821119850478936,0.0176872277479303,0.024843333333333332
aQ15,0.064990796,0.003815902188303092,0.0036036216841659244,0.009213333333333334
aQ16,0.039852254,0.0004672533291799704,0.00039070433123514155,0.0027266666666666667
aQ17,0.18199727,0.0001557511097266568,5.163851506151531e-05,0.00072
aQ18,1.1193053,0.0,7.511187164935918e-06,0.00015666666666666666
aQ19,0.40273938,0.0,1.7137296561932258e-07,2.3333333333333332e-05
aQ20,0.11315244,0.0,5.087612006396838e-10,3.3333333333333333e-06
aQ21,0.058998555,0.0,0.0,0.0
aQ22,-0.05305606,0.0,0.0,0.0
aQ23,-0.01748196,0.0,0.0,0.0
aQ24,-0.0021716692,0.0,0.0,0.0
aQ-25,-0.00199138,0.0,0.0,0.0
aQ-24,-0.045005567,0.0,0.0,0.0
aQ-23,-0.017513048,0.0,0.0,0.0
aQ-22,0.023037784,0.0,0.0,0.0
aQ-21,0.01846625,0.0,0.0,0.0
aQ-20,0.039467536,0.0,0.0,0.0
aQ-19,0.2701317,0.0,1.003455236595823e-08,6.666666666666667e-06
aQ-18,0.4731088,0.0,8.436023077274747e-08,2e-05
aQ-17,1.2488669,0.0,8.400728890074522e-06,0.00012333333333333334
aQ-16,0.19699034,0.0001557511097266568,1.8624361851912048e-05,0.0004333333333333333
aQ-15,0.38012964,0.0002336266645899852,0.0002670872370715936,0.0018033333333333334
aQ-14,0.16529073,0.002102639981309867,0.002176610581228258,0.005213333333333334
aQ-13,-0.09689386,0.009500817693326065,0.011016504915267787,0.011946666666666666
aQ-12,-0.011306687,0.02928120862861148,0.033040120085077056,0.020793333333333334
aQ-11,0.19939275,0.030994470835604703,0.03298120167615559,0.03097
aQ-10,0.32271942,0.04080679074838408,0.04219953113447557,0.0442
aQ-9,-0.038599633,0.05973055058017288,0.06223451577518663,0.05623
aQ-8,0.113067135,0.0457908262596371,0.045646416850880334,0.04791666666666667
aQ-7,0.0328083,0.0131609687719025,0.013129461250776575,0.027323333333333335
aQ-6,-0.55245453,0.15442722529398023,0.15823974591727855,0.12988
aQ-5,-0.25081274,0.07281364379721206,0.07235590978966022,0.04582666666666667
aQ-4,-0.38744467,0.10131609687719025,0.10106035993728038,0.06333333333333334
aQ-3,-0.07419411,0.44864107156763494,0.45332643646723153,0.406
aQ-2,0.015832871,0.0,0.0,0.0
aQ-1,0.05890333,0.0,0.0,0.0
aR0,-0.0065735467,0.0,0.0,0.0
aR1,0.6241802,0.0,3.6497520739492996e-05,6.333333333333333e-05
aR2,0.9354243,0.002492017755626509,0.0031939734967829556,0.00524
aR3,-0.1022577,0.07008799937699556,0.06978295694662008,0.07878666666666667
aR4,0.14923932,0.06954287049295227,0.06919658916131509,0.08756666666666667
aR5,0.06227835,0.10193910131609688,0.10744824833917842,0.10695333333333333
aR6,0.26864526,0.06946499493808893,0.07017400412714782,0.09794
aR7,0.2203338,0.040261661864340784,0.04130981831899737,0.06453333333333333
aR8,0.13781752,0.033797990810684526,0.03263867022618216,0.04365666666666667
aR9,0.23776151,0.025621057550035044,0.025764678785421564,0.032773333333333335
aR10,0.032066535,0.04882797289930691,0.04622972806111664,0.027256666666666665
aR11,-0.15349263,0.04758196402149365,0.04577487989801393,0.02008
aR12,0.0985752,0.024530799781948446,0.02487655008619026,0.013063333333333333
aR13,0.22651564,0.004594657736936376,0.004419788823529299,0.006513333333333334
aR14,0.09728586,0.0010123822132232692,0.001264335197759786,0.0023966666666666667
aR15,0.15447436,0.0002336266645899852,0.00017456236197347998,0.00066
aR16,1.0314238,0.0,1.583241744269325e-06,0.00014333333333333334
aR17,0.3788092,0.0,3.2709638212161264e-06,1.3333333333333333e-05
aR18,0.16280861,0.0,1.004224294810844e-07,3.3333333333333333e-06
aR19,-0.03476064,0.0,0.0,0.0
aR20,-0.030272812,0.0,0.0,0.0
aR21,0.025472,0.0,0.0,0.0
aR22,-0.01602285,0.0,0.0,0.0
aR23,-0.036994442,0.0,0.0,0.0
aR24,0.013633221,0.0,0.0,0.0
aR-25,0.057740726,0.0,0.0,0.0
aR-24,-0.052447602,0.0,0.0,0.0
aR-23,-0.031736054,0.0,0.0,0.0
aR-22,0.023231968,0.0,0.0,0.0
aR-21,0.058547504,0.0,0.0,0.0
aR-20,0.05121422,0.0,0.0,0.0
aR-19,0.03424985,0.0,0.0,0.0
aR-18,0.25260124,0.0,6.676371788606693e-08,6.666666666666667e-06
aR-17,0.7068102,0.0,1.6810554902673424e-06,9e-05
aR-16,0.16856922,7.78755548633284e-05,1.1111169356314516e-05,0.00032333333333333335
aR-15,0.96768534,7.78755548633284e-05,8.722875005430434e-05,0.0012066666666666667
aR-14,0.39453524,0.000778755548633284,0.0008689051270231185,0.0041466666666666666
aR-13,0.24948542,0.00778755548633284,0.00728473498501921,0.01239
aR-12,0.03888348,0.026867066427848297,0.02713695450928546,0.030706666666666667
aR-11,-0.043840643,0.06292344832956935,0.06277433769817765,0.05856
aR-10,-0.0983295,0.09430729693949069,0.09179303100334678,0.08739666666666666
aR-9,-0.047445204,0.08963476364769099,0.09327273412872863,0.10821
aR-8,0.055900022,0.06930924382836227,0.0730365606195822,0.09872333333333333
aR-7,0.15806481,0.036212133011447704,0.03695461061669203,0.06577333333333334
aR-6,2.483475,0.0,0.0012126949956656808,0.028553333333333333
aR-5,2.3865645,0.0,0.00014584865802282044,0.00648
aR-4,-0.1547143,0.15201308309321704,0.14770947613183186,0.08506666666666667
aR-3,0.24172272,0.0,2.5976696906853944e-07,1e-05
aR-2,0.039386883,0.0,0.0,0.0
aR-1,0.04977923,0.0,0.0,0.0
aS0,-0.010717459,0.0,0.0,0.0
aS1,-0.25986302,0.011058328790592632,0.010755666110601407,0.01064
aS2,0.73993653,0.84230200140176,0.87920730331842,0.8938566666666666
aS3,-0.31355536,0.778288295304104,0.7763559684058019,0.7698266666666667
aS4,-0.24653706,0.05482439062378319,0.054349368618429726,0.04272666666666667
aS5,-0.06265879,0.04446694182696052,0.043764853529735734,0.05719333333333333
aS6,-0.1234691,0.05256599953274667,0.051072913207130546,0.05057333333333333
aS7,-0.18906926,0.09936920800560704,0.09753394807373623,0.07042666666666667
aS8,-0.083852895,0.12872829218908186,0.1261252558410862,0.08646666666666666
aS9,-0.03311459,0.09913558134101705,0.10243698517476936,0.07625666666666667
aS10,0.21612556,0.031305973055058015,0.03253751467983532,0.049833333333333334
aS11,0.31552112,0.006541546608519586,0.007458175814433307,0.023613333333333333
aS12,0.11291571,0.001557511097266568,0.0014216483183499622,0.00829
aS13,0.7042224,0.0001557511097266568,5.82581065515418e-05,0.0025033333333333335
aS14,0.2774885,7.78755548633284e-05,2.9177124206733134e-05,0.0005333333333333334
aS15,0.69491434,0.0,1.2085680231361374e-06,0.00011
aS16,0.17876934,0.0,5.3050189207017585e-08,2e-05
aS17,-0.05837039,0.0,0.0,0.0
aS18,-0.04962369,0.0,0.0,0.0
aS19,-0.004483249,0.0,0.0,0.0
aS20,0.0013795495,0.0,0.0,0.0
aS21,0.017405786,0.0,0.0,0.0
aS22,-0.0415587,0.0,0.0,0.0
aS23,0.06263675,0.0,0.0,0.0
aS24,0.01331795,0.0,0.0,0.0
aS-25,0.00252489,0.0,0.0,0.0
aS-24,-0.041620977,0.0,0.0,0.0
aS-23,0.0071043894,0.0,0.0,0.0
aS-22,-0.028359137,0.0,0.0,0.0
aS-21,0.3391513,0.0,5.395493783109988e-08,1e-05
aS-20,0.7899525,0.0,2.619067834523923e-07,8.333333333333333e-05
aS-19,-0.162593,0.0002336266645899852,5.928846094803516e-05,0.00048333333333333334
aS-18,-0.14007416,0.0004672533291799704,0.00016660734061692628,0.0022433333333333333
aS-17,0.07670441,0.001168133322949926,0.0011519033477537116,0.00922
aS-16,-0.04628682,0.009500817693326065,0.009711362596893895,0.03108
aS-15,0.13837677,0.04586870181450043,0.04840187924639694,0.08472
aS-14,0.123994626,0.19780390935285413,0.2086692951006267,0.17926
aS-13,0.14756465,0.37831944552604935,0.3910322732130561,0.29258666666666666
aS-12,0.044165943,0.48329569348181606,0.48869018469481673,0.36687333333333333
aS-11,0.1215454,0.35223113464683437,0.35721670909638387,0.3516566666666667
aS-10,0.14641273,0.17008021182150923,0.17185144436738536,0.2544166666666667
aS-9,0.2718248,0.06899774160890897,0.06748569209830696,0.13959666666666667
aS-8,0.08837397,0.04765983957635698,0.04656547543102484,0.07420666666666667
aS-7,0.07196069,0.25730083326843706,0.25422153822906923,0.20837666666666665
aS-6,-0.86071825,0.13745035433377462,0.13769943347622696,0.05473
aS-5,2.3622456,0.0,0.00016796073545877392,0.09291333333333333
aS-4,1.5568622,0.0,1.668867706595498e-05,0.00040666666666666667
aS-3,0.2027359,0.0,1.6467828632484644e-08,3.3333333333333333e-06
aS-2,0.16216849,0.0,2.2949878753150902e-07,3.3333333333333333e-06
aS-1,-0.024398752,0.0,0.0,0.0
aT0,-0.038749658,0.0,0.0,0.0
aT1,0.029044295,0.07281364379721206,0.07637248908908276,0.049536666666666666
aT2,1.3931305,0.0020247644264465383,0.002699885956212393,0.006653333333333333
aT3,0.04105163,0.015419359862939023,0.014915807157701352,0.017866666666666666
aT4,0.00073206564,0.028424577525114868,0.02727484692643325,0.02827
aT5,-0.17590411,0.08254808815512811,0.0822958656865251,0.0681
aT6,-0.16772003,0.10489837240090336,0.10357130470554687,0.08845666666666667
aT7,0.053612817,0.056849155050229735,0.054931313377153,0.07733333333333334
aT8,-0.057568375,0.06494821275601588,0.06752876180476373,0.08057333333333333
aT9,-0.16824412,0.08075695039327155,0.08270082200403002,0.09978666666666666
aT10,0.028736446,0.11774783895335254,0.11776193932304554,0.11438333333333334
aT11,0.14124045,0.08013394595436492,0.07740484110867521,0.10934333333333333
aT12,0.23228088,0.06923136827349895,0.07214727975090124,0.08136
aT13,0.22982809,0.016275990966435637,0.016862767577457527,0.04762333333333333
aT14,0.3614791,0.003738026633439763,0.003971559744310712,0.021083333333333332
aT15,0.34721532,0.000389377774316642,0.0004421241668965545,0.00722
aT16,0.39003274,0.0001557511097266568,1.654684863965788e-05,0.0021566666666666665
aT17,0.28062037,7.78755548633284e-05,3.078306996306416e-05,0.0004766666666666667
aT18,0.5508275,0.0,1.2610760802868182e-08,9.333333333333333e-05
aT19,0.22063738,0.0,5.340917150385642e-08,2e-05
aT20,0.038686447,0.0,0.0,0.0
aT21,-0.036247186,0.0,0.0,0.0
aT22,-0.011174522,0.0,0.0,0.0
aT23,-0.056990806,0.0,0.0,0.0
aT24,0.05782129,0.0,0.0,0.0
aT-25,-0.04277596,0.0,0.0,0.0
aT-24,-0.025485553,0.0,0.0,0.0
aT-23,-0.019519266,0.0,0.0,0.0
aT-22,-0.015177421,0.0,8.530688126672542e-09,3.3333333333333333e-06
aT-21,0.24575187,0.0,2.3361573047919454e-07,1e-05
aT-20,0.60566205,0.0,2.4249273651637576e-05,4e-05
aT-19,1.3959614,0.0,3.066515143014637e-06,0.00020333333333333333
aT-18,1.9972094,0.0,2.5652028584768908e-05,0.0006633333333333334
aT-17,0.11903314,0.0017132622069932248,0.0015507549023428921,0.0020933333333333333
aT-16,0.68114835,0.002492017755626509,0.0029792703711675338,0.00482
aT-15,-0.08597513,0.018222879838018846,0.018816969973661272,0.00815
aT-14,0.24260007,0.019702515380422086,0.020350937008731706,0.011246666666666667
aT-13,0.27856448,0.01650961763102562,0.017848562114478352,0.013373333333333333
aT-12,-0.101209015,0.02079277314850868,0.021294050947484457,0.01670666666666667
aT-11,-0.030147439,0.030682968616151392,0.03188578652657436,0.029563333333333334
aT-10,0.054068986,0.06455883498169925,0.0652514828407412,0.05001333333333333
aT-9,-0.11067269,0.09056927030605093,0.08983237103406339,0.06491333333333334
aT-8,0.125323,0.06487033720115255,0.06329400367505457,0.0653
aT-7,0.31023538,0.02476442644653843,0.023994819958189285,0.05207
aT-6,-0.3686125,0.1091036523635231,0.10951327588516359,0.07283333333333333
aT-5,0.15910612,0.022506035355501906,0.022651505285456418,0.06685333333333333
aT-4,-0.15287977,0.30994470835604704,0.31160777075692014,0.3509966666666667
aT-3,0.21462928,0.0,6.805092497475569e-08,6.666666666666667e-06
aT-2,2.244815,0.0,4.1650225181185445e-06,0.09047666666666666
aT-1,-0.012016568,0.0,0.0,0.0
aV0,-0.032427005,0.0,0.0,0.0
aV1,0.4422932,7.78755548633284e-05,7.365898592107906e-05,0.00010666666666666667
aV2,0.13480292,0.0005451288840432988,0.00046141479899041696,0.0004
aV3,0.10682642,0.002102639981309867,0.0015057194367134922,0.00184
aV4,0.41800544,0.011837084339225918,0.01038523421485291,0.01278
aV5,-0.1918014,0.028891830854294837,0.027699959065085825,0.02146
aV6,0.12922338,0.018222879838018846,0.017805721444546365,0.01598
aV7,0.04965257,0.02445292422708512,0.02385732430158497,0.017263333333333332
aV8,-0.058669426,0.021649404252005296,0.02275280640113194,0.016846666666666666
aV9,-0.082065254,0.010746826571139319,0.010811461946895817,0.016476666666666667
aV10,0.058090188,0.006541546608519586,0.006591663561788873,0.017676666666666667
aV11,0.42760646,0.007553928821742855,0.008362852073471774,0.0174
aV12,0.4961298,0.003815902188303092,0.0035932990703886154,0.012843333333333333
aV13,0.45023233,0.0014017599875399112,0.0015884269986823447,0.007173333333333334
aV14,2.3840222,0.0,4.8793765739997464e-05,0.0027866666666666665
aV15,2.0495906,0.0,1.569937472065607e-05,0.0008233333333333334
aV16,1.3271122,0.0,2.013092241646243e-06,0.00016333333333333334
aV17,0.55093205,0.0,2.7903353483890285e-07,3e-05
aV18,-0.058054127,0.0,0.0,0.0
aV19,-0.05541678,0.0,0.0,0.0
aV20,-0.025034867,0.0,0.0,0.0
aV21,0.023605928,0.0,0.0,0.0
aV22,-0.016945783,0.0,0.0,0.0
aV23,-0.04721099,0.0,0.0,0.0
aV24,-0.008173,0.0,0.0,0.0
aV-25,-0.028290253,0.0,0.0,0.0
aV-24,-0.026122011,0.0,0.0,0.0
aV-23,0.05017999,0.0,0.0,0.0
aV-22,-0.012264185,0.0,0.0,0.0
aV-21,0.025577001,0.0,0.0,0.0
aV-20,0.037949465,0.0,0.0,0.0
aV-19,-0.04637037,0.0,0.0,0.0
aV-18,-0.03676343,0.0,0.0,0.0
aV-17,0.10953801,0.0,4.327304404813347e-08,3.3333333333333333e-06
aV-16,0.31859344,0.0,2.701902412474866e-06,1.3333333333333333e-05
aV-15,0.78675514,0.0,5.5624205163100765e-06,0.00011
aV-14,0.0013990232,0.0002336266645899852,0.00011512633803389486,0.00044666666666666666
aV-13,0.50399745,0.0005451288840432988,0.0004905015888923692,0.0016466666666666667
aV-12,0.15000229,0.003660151078576435,0.0033634504188989485,0.0039633333333333335
aV-11,-0.006821321,0.010902577680865977,0.010554112481371019,0.007183333333333333
aV-10,-0.007709525,0.015029982088622381,0.013308079933548463,0.00964
aV-9,0.28322288,0.011447706564909276,0.010479560464089844,0.012406666666666667
aV-8,-0.02246198,0.04244217740051398,0.04279530569420548,0.029113333333333335
aV-7,-0.40671495,0.030994470835604703,0.031221461773500714,0.01686
aV-6,2.3474324,7.78755548633284e-05,0.0006942112475934768,0.00977
aV-5,2.2659912,0.0,5.735307643612046e-05,0.0031266666666666665
aV-4,-0.03171647,0.0,0.0,0.0
aV-3,0.111111164,0.022506035355501906,0.02246885695374841,0.06776666666666667
aV-2,-0.050227504,0.0,0.0,0.0
aV-1,-0.03371688,0.0,0.0,0.0
aW0,-0.024292838,0.0,0.0,0.0
aW1,0.0444659,0.0,0.0,0.0
aW2,-1.9045879,0.04547932404018379,0.0038965438630307087,0.0003333333333333333
aW3,0.68808544,0.0014017599875399112,0.0015861427143745595,0.0025366666666666667
aW4,1.0599188,0.010746826571139319,0.01092534111194426,0.018223333333333334
aW5,0.2881523,0.03644575967603769,0.036868862088939594,0.03138666666666667
aW6,-0.16657838,0.060275679464216185,0.06083018597636523,0.03202
aW7,-0.09222257,0.021805155361731953,0.02303907083836259,0.021146666666666668
aW8,0.17827529,0.004516782182073047,0.004164077521018356,0.008953333333333334
aW9,0.14855923,0.0009345066583599408,0.0009776951566138315,0.0027966666666666665
aW10,-0.043051135,0.0003115022194533136,0.0001731530580053213,0.00078
aW11,1.4380877,0.0,6.470193167760537e-06,0.00023333333333333333
aW12,-0.022442736,7.78755548633284e-05,9.028635293568737e-06,8.333333333333333e-05
aW13,0.12481654,0.0,1.8673402234534336e-07,3.3333333333333333e-06
aW14,-0.036413748,0.0,0.0,0.0
aW15,-0.05364192,0.0,0.0,0.0
aW16,0.034705356,0.0,0.0,0.0
aW17,-0.056920234,0.0,0.0,0.0
aW18,0.022680148,0.0,0.0,0.0
aW19,0.04920487,0.0,0.0,0.0
aW20,0.028445207,0.0,0.0,0.0
aW21,-0.01561017,0.0,0.0,0.0
aW22,0.033710063,0.0,0.0,0.0
aW23,-0.022745587,0.0,0.0,0.0
aW24,0.0006509125,0.0,0.0,0.0
aW-25,-0.056376226,0.0,0.0,0.0
aW-24,0.003182985,0.0,0.0,0.0
aW-23,0.03125518,0.0,0.0,0.0
aW-22,-0.016907435,0.0,0.0,0.0
aW-21,-0.021109655,0.0,0.0,0.0
aW-20,-0.03372805,0.0,0.0,0.0
aW-19,0.04389876,0.0,0.0,0.0
aW-18,0.028402634,0.0,0.0,0.0
aW-17,0.056772374,0.0,1.497789038008491e-10,3.3333333333333333e-06
aW-16,-0.10096177,7.78755548633284e-05,0.0,0.0
aW-15,-0.79049,0.0009345066583599408,7.231418448384358e-06,6.333333333333333e-05
aW-14,-1.056337,0.004283155517483062,0.00034645967338435357,0.0002
aW-13,-1.2080991,0.014796355424032397,0.0011365428334123065,0.00121
aW-12,-0.71403956,0.01853438205747216,0.004812970075843918,0.004313333333333333
aW-11,-0.38010117,0.016898995405342263,0.014259863073971087,0.01183
aW-10,-0.3847703,0.045401448485320454,0.04246842771443481,0.023766666666666665
aW-9,-0.3137187,0.05334475508137995,0.051465419372000325,0.03106
aW-8,-0.0037993426,0.023596293123588505,0.02384041310687109,0.02568
aW-7,0.36182594,0.004127404407756405,0.003878649230741674,0.014663333333333334
aW-6,2.3704531,0.0,0.0002217990010429349,0.005053333333333333
aW-5,1.7573318,0.0,3.8981535860967346e-05,0.00065
aW-4,0.053031236,0.0,7.053473591092109e-10,3.3333333333333333e-06
aW-3,-0.050242987,0.0,0.0,0.0
aW-2,-0.05453964,0.0,0.0,0.0
aW-1,0.013265498,0.0,0.0,0.0
aY0,-0.021762844,0.0,0.0,0.0
aY1,-0.062041167,0.0,0.0,0.0
aY2,0.1582992,0.0001557511097266568,0.00012758826304308936,0.00011666666666666667
aY3,0.7903553,0.0003115022194533136,0.00021009297261836851,0.00086
aY4,0.6031917,0.01269371544272253,0.013343940288255548,0.03329
aY5,-0.1855389,0.010435324351686006,0.009474927454592622,0.019426666666666665
aY6,-0.085418515,0.014484853204579082,0.014039757143305544,0.01939
aY7,-0.21599567,0.04033953741920411,0.039538845470876216,0.03827
aY8,-0.12406556,0.07888793707655167,0.079755035718978,0.06319
aY9,-0.21399026,0.11704695895958259,0.11515363840370224,0.09213
aY10,-0.16880892,0.11541157230745269,0.11438062281705319,0.12306666666666667
aY11,-0.051932257,0.10045946577369363,0.10162121618980247,0.14382333333333333
aY12,-0.07528006,0.17140409625418582,0.17338995281216898,0.14669666666666667
aY13,-0.057162065,0.14523790982010748,0.14233918147048397,0.12421
aY14,-0.020475378,0.11564519897204267,0.12058379440791335,0.08245333333333334
aY15,-0.021746028,0.026010435324351686,0.02682447647377791,0.04346666666666667
aY16,0.06715815,0.006619422163382914,0.006530134301311259,0.017076666666666667
aY17,0.45979187,0.0004672533291799704,0.0005756477707621153,0.00534
aY18,0.451218,0.0001557511097266568,2.6682704723060167e-05,0.00141
aY19,0.02355674,0.0001557511097266568,4.8347025251566276e-05,0.00032333333333333335
aY20,0.6135126,0.0,1.851040510995721e-08,5.333333333333333e-05
aY21,0.30383885,0.0,6.248562595777242e-08,1.3333333333333333e-05
aY22,-0.010029621,0.0,0.0,0.0
aY23,0.05751103,0.0,0.0,0.0
aY24,-0.0016604587,0.0,0.0,0.0
aY-25,-0.062045526,0.0,0.0,0.0
aY-24,0.012152359,0.0,0.0,0.0
aY-23,-0.05728983,0.0,0.0,0.0
aY-22,-0.06261878,0.0,0.0,0.0
aY-21,0.024560548,0.0,0.0,0.0
aY-20,0.027775563,0.0,0.0,0.0
aY-19,-0.010236375,0.0,0.0,0.0
aY-18,-0.053367034,0.0,0.0,0.0
aY-17,0.13301319,0.0,1.5644418381634834e-09,6.666666666666667e-06
aY-16,0.810519,0.0,3.5878930852502845e-06,5.6666666666666664e-05
aY-15,1.2047262,0.0,1.0899568336136093e-05,0.00032333333333333335
aY-14,2.0571012,0.0,2.769589225683602e-05,0.0011333333333333334
aY-13,0.5308594,0.0005451288840432988,0.0006058497155660598,0.003343333333333333
aY-12,0.77826667,0.0018690133167198815,0.001969445152996798,0.007066666666666666
aY-11,0.27854785,0.005607039950159645,0.005519052872930313,0.010643333333333333
aY-10,0.1146179,0.008176933260649482,0.00811474329990317,0.01153
aY-9,0.4244138,0.0035043999688497782,0.0035497119223456336,0.009566666666666666
aY-8,0.012031493,0.014796355424032397,0.014497263157673315,0.01394
aY-7,0.050986577,0.01464060431430574,0.015147449995554896,0.00967
aY-6,-0.52428544,0.15567323417179346,0.1558964204970321,0.08289666666666666
aY-5,-0.5245129,0.16992446071178258,0.16702130997331122,0.11837
aY-4,0.5302607,0.0,1.0223578908724933e-08,3.3333333333333335e-05
aY-3,2.3435578,0.0,4.1650225181185445e-06,0.09047666666666666
aY-2,-0.060490046,0.5811852659450198,0.5855963559331204,0.59555
aY-1,-0.004932467,0.0,0.0,0.0
v28;j1-4,0.04121021,0.0,0.0,0.0
v28;j2-3,-0.03794647,0.0,0.0,0.0
v28;j2-1,0.032664984,0.0,0.0,0.0
v28;j1-2,-0.00524443,0.0,0.0,0.0
v28;j2-7,0.048804,0.0,0.0,0.0
v28;j2-2,0.012057431,0.0,0.0,0.0
v28;j2-6,-0.005005989,0.0,0.0,0.0
v28;j1-3,-0.01998166,0.0,0.0,0.0
v28;j1-7,-0.035587095,0.0,0.0,0.0
v28;j2-5,-0.05499377,0.0,0.0,0.0
v28;j2-4,-0.058638193,0.0,0.0,0.0
v28;j1-1,0.026074797,0.0,0.0,0.0
v28;j1-6,0.05020678,0.0,0.0,0.0
v28;j1-5,-0.01476736,0.0,0.0,0.0
v8;j1-4,0.037083402,0.0,0.0,0.0
v8;j2-3,-0.04387098,0.0,0.0,0.0
v8;j2-1,0.050693616,0.0,0.0,0.0
v8;j1-2,-0.03985404,0.0,0.0,0.0
v8;j2-7,-0.013211153,0.0,0.0,0.0
v8;j2-2,0.06255928,0.0,0.0,0.0
v8;j2-6,0.020979665,0.0,0.0,0.0
v8;j1-3,0.052403696,0.0,0.0,0.0
v8;j1-7,-0.04827886,0.0,0.0,0.0
v8;j2-5,0.046500914,0.0,0.0,0.0
v8;j2-4,0.0032350942,0.0,0.0,0.0
v8;j1-1,-0.022903778,0.0,0.0,0.0
v8;j1-6,-0.054113377,0.0,0.0,0.0
v8;j1-5,-0.012294136,0.0,0.0,0.0
v12-1;j1-4,0.19818568,0.009500817693326065,0.010110590769129488,0.005673333333333333
v12-1;j2-3,-0.08600002,0.011136204345455961,0.011423896707648432,0.006156666666666667
v12-1;j2-1,0.080625705,0.011914959894089245,0.012621904377214646,0.00789
v12-1;j1-2,1.9507339,0.0,2.8099483280940386e-07,0.00617
v12-1;j2-7,0.3202988,0.010513199906549335,0.011225452698465527,0.01211
v12-1;j2-2,0.14449029,0.0063857954987929285,0.0066432669164798236,0.00431
v12-1;j2-6,0.011850275,0.0,0.0,0.0
v12-1;j1-3,2.3160582,0.0,3.1865919206908066e-05,0.00505
v12-1;j1-7,0.035996996,0.0,0.0,0.0
v12-1;j2-5,0.10999853,0.00732030215715287,0.008243736558163019,0.00766
v12-1;j2-4,0.06425917,0.0044389066272097185,0.004957261347544892,0.00515
v12-1;j1-1,0.35604462,0.0014796355424032397,0.0014952354753326666,0.004563333333333333
v12-1;j1-6,-0.034261934,0.0,0.0,0.0
v12-1;j1-5,0.54477185,0.0031928977493964643,0.003949325698267071,0.0034633333333333335
v1;j1-4,0.036278762,0.01168133322949926,0.011754723604654967,0.00428
v1;j2-3,0.18523012,0.007709679931469511,0.008767504608066058,0.004506666666666667
v1;j2-1,0.122486055,0.011992835448952573,0.012510931674336687,0.005686666666666666
v1;j1-2,1.918942,0.0,2.0772285496475754e-07,0.004386666666666666
v1;j2-7,0.22246122,0.010746826571139319,0.011481402110309808,0.008763333333333333
v1;j2-2,0.039566673,0.006930924382836228,0.007187476794211275,0.0031466666666666665
v1;j2-6,-0.008863293,0.0,0.0,0.0
v1;j1-3,2.2703729,0.0,3.380558279241132e-05,0.0036433333333333335
v1;j1-7,0.034772083,0.0,0.0,0.0
v1;j2-5,0.037327714,0.007631804376606184,0.007985163264107609,0.005533333333333334
v1;j2-4,-0.05549293,0.005217662175843003,0.00590987603291463,0.00383
v1;j1-1,-0.25400412,0.0028813955299431507,0.0027683994617180834,0.0034933333333333335
v1;j1-6,-0.023914222,0.0,0.0,0.0
v1;j1-5,-0.30261254,0.007943306596059498,0.007967168849691172,0.00226
v17;j1-4,0.4805409,0.0020247644264465383,0.002856550916391923,0.0021566666666666665
v17;j2-3,0.4993848,0.0017911377618565533,0.0019584129978544077,0.002183333333333333
v17;j2-1,0.39496604,0.0028813955299431507,0.0028517976908273256,0.002746666666666667
v17;j1-2,1.6658354,0.0,9.886273836918577e-08,0.0021866666666666666
v17;j2-7,0.34794086,0.0030371466396698077,0.0031480997280033327,0.004253333333333333
v17;j2-2,0.1021833,0.002102639981309867,0.0020880993591134754,0.0015633333333333332
v17;j2-6,0.03526052,0.0,0.0,0.0
v17;j1-3,2.2480712,0.0,1.0032978628310785e-05,0.0017766666666666666
v17;j1-7,0.0365991,0.0,0.0,0.0
v17;j2-5,0.27404976,0.0018690133167198815,0.002126857764814793,0.0027833333333333334
v17;j2-4,0.7095857,0.0008566311034966124,0.0008989099637783305,0.002033333333333333
v17;j1-1,0.3695813,0.0004672533291799704,0.00047581190091520857,0.0016266666666666667
v17;j1-6,0.033077992,0.0,0.0,0.0
v17;j1-5,0.8157439,0.0007008799937699556,0.0009161791042591955,0.0011633333333333333
v11;j1-4,-0.0069162957,0.0,0.0,0.0
v11;j2-3,0.008555628,0.0,0.0,0.0
v11;j2-1,0.041979082,0.0,0.0,0.0
v11;j1-2,-0.043430775,0.0,0.0,0.0
v11;j2-7,-0.03189435,0.0,0.0,0.0
v11;j2-2,0.005914554,0.0,0.0,0.0
v11;j2-6,0.010270335,0.0,0.0,0.0
v11;j1-3,-0.0054345913,0.0,0.0,0.0
v11;j1-7,-0.047686204,0.0,0.0,0.0
v11;j2-5,0.03379982,0.0,0.0,0.0
v11;j2-4,-0.009743191,0.0,0.0,0.0
v11;j1-1,-0.01913996,0.0,0.0,0.0
v11;j1-6,0.0131659135,0.0,0.0,0.0
v11;j1-5,-0.048759274,0.0,0.0,0.0
v7;j1-4,-0.010762006,0.0,0.0,0.0
v7;j2-3,-0.0105928555,0.0,0.0,0.0
v7;j2-1,-0.008507948,0.0,0.0,0.0
v7;j1-2,0.016915582,0.0,0.0,0.0
v7;j2-7,-0.04152522,0.0,0.0,0.0
v7;j2-2,-0.01775102,0.0,0.0,0.0
v7;j2-6,0.053904913,0.0,0.0,0.0
v7;j1-3,-0.0144801065,0.0,0.0,0.0
v7;j1-7,-0.031215739,0.0,0.0,0.0
v7;j2-5,-0.026017237,0.0,0.0,0.0
v7;j2-4,-0.051853538,0.0,0.0,0.0
v7;j1-1,0.01574736,0.0,0.0,0.0
v7;j1-6,0.04070408,0.0,0.0,0.0
v7;j1-5,0.040294036,0.0,0.0,0.0
v27;j1-4,-0.059563763,0.0,0.0,0.0
v27;j2-3,0.024436831,0.0,0.0,0.0
v27;j2-1,-0.036127735,0.0,0.0,0.0
v27;j1-2,0.0040938333,0.0,0.0,0.0
v27;j2-7,-0.012862459,0.0,0.0,0.0
v27;j2-2,0.0064312443,0.0,0.0,0.0
v27;j2-6,-0.016866658,0.0,0.0,0.0
v27;j1-3,-0.031535547,0.0,0.0,0.0
v27;j1-7,-0.024913125,0.0,0.0,0.0
v27;j2-5,0.054115847,0.0,0.0,0.0
v27;j2-4,0.02733837,0.0,0.0,0.0
v27;j1-1,-0.035258316,0.0,0.0,0.0
v27;j1-6,0.051335886,0.0,0.0,0.0
v27;j1-5,0.03609322,0.0,0.0,0.0
v5;j1-4,-0.1159466,0.011369831010045947,0.01210101729737281,0.00513
v5;j2-3,-0.042759668,0.009500817693326065,0.010296643722627731,0.0054666666666666665
v5;j2-1,0.16542299,0.009656568803052722,0.010947262068267901,0.00701
v5;j1-2,1.8930042,0.0,2.487340033645566e-07,0.0054466666666666665
v5;j2-7,0.08270366,0.011291955455182618,0.012406433359181866,0.010853333333333333
v5;j2-2,-0.04633823,0.007164551047426213,0.007835684945496212,0.00402
v5;j2-6,0.05766996,0.0,0.0,0.0
v5;j1-3,2.3484213,0.0,2.5395308079498093e-05,0.004356666666666667
v5;j1-7,-0.033845164,0.0,0.0,0.0
v5;j2-5,0.075500414,0.0063857954987929285,0.007151899470583111,0.006763333333333333
v5;j2-4,0.18608329,0.0033486488591231212,0.003821965068842915,0.0046233333333333335
v5;j1-1,0.08175819,0.0014017599875399112,0.0015463349751078813,0.0039366666666666664
v5;j1-6,-0.025889803,0.0,0.0,0.0
v5;j1-5,0.34706688,0.0035822755237131065,0.0037607299534602513,0.0029066666666666668
v6;j1-4,-0.0441354,0.0,0.0,0.0
v6;j2-3,-0.03325349,0.0,0.0,0.0
v6;j2-1,-0.02353736,0.0,0.0,0.0
v6;j1-2,0.04023394,0.0,0.0,0.0
v6;j2-7,-0.05347488,0.0,0.0,0.0
v6;j2-2,-0.012433697,0.0,0.0,0.0
v6;j2-6,-0.051801395,0.0,0.0,0.0
v6;j1-3,-0.05926553,0.0,0.0,0.0
v6;j1-7,0.049013823,0.0,0.0,0.0
v6;j2-5,-0.007558327,0.0,0.0,0.0
v6;j2-4,-0.044606064,0.0,0.0,0.0
v6;j1-1,0.038372703,0.0,0.0,0.0
v6;j1-6,0.038175523,0.0,0.0,0.0
v6;j1-5,-0.0036425963,0.0,0.0,0.0
v13-3;j1-4,-0.29741755,0.008566311034966124,0.00798760184028922,0.00317
v13-3;j2-3,-0.4142602,0.008021182150922825,0.007208963036358763,0.0032
v13-3;j2-1,-0.49390402,0.010123822132232693,0.010495660426696493,0.00403
v13-3;j1-2,1.7766942,0.0,1.5126701232763758e-07,0.00332
v13-3;j2-7,-0.26680738,0.009422942138462736,0.01007221800305871,0.006553333333333334
v13-3;j2-2,-0.31683692,0.004906159956389689,0.005008070166752494,0.0023266666666666666
v13-3;j2-6,0.055057332,0.0,0.0,0.0
v13-3;j1-3,2.094403,0.0,2.3470391915341e-05,0.0026133333333333334
v13-3;j1-7,0.04369641,0.0,0.0,0.0
v13-3;j2-5,-0.23755686,0.004984035511253018,0.005305273748536173,0.004086666666666666
v13-3;j2-4,-0.3118523,0.0034265244139864495,0.003211184963588613,0.00258
v13-3;j1-1,-0.0144778015,0.001323884432676583,0.001050018844143526,0.0024
v13-3;j1-6,0.04373642,0.0,0.0,0.0
v13-3;j1-5,-0.32904828,0.00389377774316642,0.004566116258571087,0.00177
v4;j1-4,0.25789213,0.006930924382836228,0.006476558537178335,0.00587
v4;j2-3,0.26462036,0.006230044389066272,0.0060654262712352336,0.00657
v4;j2-1,-0.009277282,0.009345066583599407,0.009864022047758074,0.00791
v4;j1-2,1.8708214,0.0,2.7945243338526554e-07,0.006173333333333334
v4;j2-7,0.35399306,0.007709679931469511,0.007748519443761198,0.012643333333333333
v4;j2-2,-0.05554551,0.005451288840432988,0.005734441128356701,0.0042966666666666665
v4;j2-6,-0.03755868,0.0,0.0,0.0
v4;j1-3,2.2779062,0.0,2.6833723180465994e-05,0.00518
v4;j1-7,-0.019607674,0.0,0.0,0.0
v4;j2-5,-0.1907923,0.007164551047426213,0.007590941613831809,0.007873333333333333
v4;j2-4,-0.17985006,0.004283155517483062,0.00449049506143405,0.0053
v4;j1-1,0.60048383,0.0008566311034966124,0.0008988486775364967,0.004696666666666667
v4;j1-6,0.04301115,0.0,0.0,0.0
v4;j1-5,0.5240863,0.002336266645899852,0.0026559688675834906,0.00327
v24;j1-4,1.7026074,0.0016353866521298965,0.0021749880638322096,0.005993333333333333
v24;j2-3,1.2804015,0.00194688887158321,0.0028329923854923866,0.006406666666666666
v24;j2-1,1.5347116,0.0018690133167198815,0.0028896391394254684,0.008116666666666666
v24;j1-2,1.9314274,0.0,2.9590495064541195e-07,0.0064333333333333334
v24;j2-7,1.6734402,0.001557511097266568,0.0028347143979380093,0.012673333333333333
v24;j2-2,1.3341128,0.0012460088778132544,0.0019256079901829224,0.004343333333333334
v24;j2-6,-0.04466205,0.0,0.0,0.0
v24;j1-3,2.4335408,0.0,2.4507383898459274e-05,0.005023333333333334
v24;j1-7,-0.008612201,0.0,0.0,0.0
v24;j2-5,1.2932074,0.0020247644264465383,0.0023661614187431785,0.007856666666666666
v24;j2-4,1.0262018,0.0010902577680865977,0.0017443179595397341,0.005193333333333334
v24;j1-1,1.9093502,0.0001557511097266568,0.0003184858282852552,0.004706666666666666
v24;j1-6,0.05731652,0.0,0.0,0.0
v24;j1-5,1.2565477,0.0014017599875399112,0.0017761688452178819,0.00335
v18;j1-4,0.023789592,0.0,0.0,0.0
v18;j2-3,-0.027805202,0.0,0.0,0.0
v18;j2-1,0.011531934,0.0,0.0,0.0
v18;j1-2,0.05918403,0.0,0.0,0.0
v18;j2-7,-0.020728301,0.0,0.0,0.0
v18;j2-2,0.033553503,0.0,0.0,0.0
v18;j2-6,0.03689816,0.0,0.0,0.0
v18;j1-3,-0.039718263,0.0,0.0,0.0
v18;j1-7,0.018860556,0.0,0.0,0.0
v18;j2-5,-0.062080596,0.0,0.0,0.0
v18;j2-4,-0.0018154569,0.0,0.0,0.0
v18;j1-1,0.0036634281,0.0,0.0,0.0
v18;j1-6,0.023798123,0.0,0.0,0.0
v18;j1-5,0.057125933,0.0,0.0,0.0
v13-1;j1-4,0.2758517,0.005139786620979674,0.004944388486518272,0.0036333333333333335
v13-1;j2-3,0.07036196,0.005217662175843003,0.005653015383445481,0.0039633333333333335
v13-1;j2-1,-0.19374469,0.008099057705786153,0.008968338619397125,0.0048
v13-1;j1-2,1.8086565,0.0,1.775780455974672e-07,0.003933333333333333
v13-1;j2-7,-0.17750114,0.009500817693326065,0.010017442261826858,0.007816666666666666
v13-1;j2-2,0.1141294,0.00389377774316642,0.004081891525734385,0.0029
v13-1;j2-6,0.029040866,0.0,0.0,0.0
v13-1;j1-3,2.348442,0.0,1.645389384756272e-05,0.00316
v13-1;j1-7,0.02345948,0.0,0.0,0.0
v13-1;j2-5,0.47444934,0.003115022194533136,0.0031518537994319746,0.005256666666666666
v13-1;j2-4,0.09074688,0.0022583910910365236,0.0028162613604568757,0.0033933333333333333
v13-1;j1-1,0.4466638,0.0007008799937699556,0.0008070747858979195,0.0029133333333333333
v13-1;j1-6,0.013994053,0.0,0.0,0.0
v13-1;j1-5,0.0764876,0.003660151078576435,0.003342611743336494,0.0020466666666666667
v31;j1-4,-1.6075946,0.009111439919009423,5.9653749602746967e-05,1e-05
v31;j2-3,-1.5712006,0.006775173273109571,3.459077650131122e-05,1e-05
v31;j2-1,-1.6303092,0.009578693248189394,3.3924718522594256e-05,2e-05
v31;j1-2,0.18145703,0.0,5.991156152033964e-10,1.3333333333333333e-05
v31;j2-7,-1.5283726,0.00732030215715287,3.4157136964724655e-05,2.3333333333333332e-05
v31;j2-2,-1.3460722,0.003971653298029749,1.5927331071977137e-05,6.666666666666667e-06
v31;j2-6,-0.049759537,0.0,0.0,0.0
v31;j1-3,0.401179,0.0,7.454695447705965e-07,1.3333333333333333e-05
v31;j1-7,-0.03106198,0.0,0.0,0.0
v31;j2-5,-1.429699,0.004361031072346391,3.966749523403101e-05,6.666666666666667e-06
v31;j2-4,-1.1581254,0.0018690133167198815,4.2992223103192093e-07,3.3333333333333333e-06
v31;j1-1,-0.3412828,0.000389377774316642,3.1093266449313836e-06,6.666666666666667e-06
v31;j1-6,-0.0484517,0.0,0.0,0.0
v31;j1-5,-1.3489763,0.003738026633439763,3.533313820806067e-05,1.3333333333333333e-05
v3;j1-4,-0.4103782,0.010513199906549335,0.011112125992262316,0.004136666666666667
v3;j2-3,-0.09971615,0.006853048827972899,0.006732552524045093,0.004583333333333333
v3;j2-1,-0.29627204,0.009968071022506035,0.010703067165504829,0.00567
v3;j1-2,1.8270679,0.0,2.0386207698722922e-07,0.004406666666666666
v3;j2-7,-0.35845128,0.012070711003815902,0.012782772972987366,0.008706666666666666
v3;j2-2,-0.29826123,0.006074293279339615,0.006023820847581892,0.0029666666666666665
v3;j2-6,-0.0068604574,0.0,0.0,0.0
v3;j1-3,2.272395,0.0,2.0794135857723432e-05,0.0034466666666666665
v3;j1-7,0.048186354,0.0,0.0,0.0
v3;j2-5,-0.18060383,0.006152168834202944,0.006009589311850186,0.00547
v3;j2-4,-0.11398316,0.003660151078576435,0.0035295724458718988,0.00364
v3;j1-1,0.27398303,0.0010123822132232692,0.0010533672850479173,0.00332
v3;j1-6,0.03148125,0.0,0.0,0.0
v3;j1-5,-0.36097917,0.005451288840432988,0.0049668292299272,0.0021566666666666665
v15;j1-4,0.63495183,0.005217662175843003,0.005405702119840154,0.00504
v15;j2-3,0.056423496,0.00778755548633284,0.008087545871218241,0.005203333333333333
v15;j2-1,0.093972646,0.008877813254419437,0.009464966492618016,0.006273333333333333
v15;j1-2,1.9366666,0.0,2.513677064559339e-07,0.00548
v15;j2-7,0.29015234,0.009111439919009423,0.008740274433115654,0.01011
v15;j2-2,0.17419606,0.005762791059886301,0.005475650003009416,0.0037433333333333333
v15;j2-6,-0.0022152625,0.0,0.0,0.0
v15;j1-3,2.3831,0.0,2.254616269264755e-05,0.004086666666666666
v15;j1-7,0.059518464,0.0,0.0,0.0
v15;j2-5,0.37376764,0.004906159956389689,0.005207580432066478,0.006543333333333333
v15;j2-4,0.4341822,0.0028035199750798224,0.0027901490992280915,0.004326666666666667
v15;j1-1,0.011027515,0.0016353866521298965,0.0018929516983331716,0.00384
v15;j1-6,-0.0002815649,0.0,0.0,0.0
v15;j1-5,0.4426772,0.002569893310489837,0.0031197127183429933,0.0025833333333333333
v12-2;j1-4,0.18864429,0.003971653298029749,0.004635070377820568,0.002596666666666667
v12-2;j2-3,0.12421873,0.004283155517483062,0.004382391570774664,0.002946666666666667
v12-2;j2-1,0.41828114,0.004594657736936376,0.004598988676177834,0.003756666666666667
v12-2;j1-2,1.746814,0.0,1.2669251563266087e-07,0.0027533333333333333
v12-2;j2-7,0.203342,0.005295537730706332,0.005745758463709354,0.005716666666666667
v12-2;j2-2,-0.08666233,0.003971653298029749,0.004013450984939498,0.00198
v12-2;j2-6,0.04748129,0.0,0.0,0.0
v12-2;j1-3,2.2621157,0.0,1.6832875137196428e-05,0.002343333333333333
v12-2;j1-7,9.30354e-05,0.0,0.0,0.0
v12-2;j2-5,-0.07782757,0.004283155517483062,0.004347957596177617,0.00355
v12-2;j2-4,0.35773623,0.0017911377618565533,0.001693977298988058,0.002353333333333333
v12-2;j1-1,0.48915592,0.0006230044389066272,0.0006955795836147003,0.00224
v12-2;j1-6,0.061486006,0.0,0.0,0.0
v12-2;j1-5,0.031290915,0.0031928977493964643,0.0030430889421951203,0.00151
v23;j1-4,-0.02374734,0.0014017599875399112,0.0013499302767828155,0.0006566666666666666
v23;j2-3,-0.5130775,0.0021805155361731953,0.0021054608511260537,0.00081
v23;j2-1,0.1258871,0.001557511097266568,0.0014323605455636012,0.00095
v23;j1-2,1.39745,0.0,3.858688841854677e-08,0.00081
v23;j2-7,0.47478214,0.0014796355424032397,0.0013387182359054866,0.0016733333333333333
v23;j2-2,0.097238466,0.0009345066583599408,0.0008573403189439013,0.0005766666666666666
v23;j2-6,-0.038450677,0.0,0.0,0.0
v23;j1-3,1.7932736,0.0,7.247408911085289e-06,0.0006166666666666666
v23;j1-7,-0.060750518,0.0,0.0,0.0
v23;j2-5,-0.50499433,0.0017911377618565533,0.0016917859238768167,0.0010166666666666666
v23;j2-4,0.599679,0.0004672533291799704,0.00039325218699213957,0.0006933333333333333
v23;j1-1,0.15369624,0.0003115022194533136,0.00019868050148969627,0.0005933333333333333
v23;j1-6,-0.05654517,0.0,0.0,0.0
v23;j1-5,-0.14999376,0.000778755548633284,0.0007588712021382545,0.00037666666666666664
v10;j1-4,0.04803727,0.0,0.0,0.0
v10;j2-3,0.045511685,0.0,0.0,0.0
v10;j2-1,0.041234307,0.0,0.0,0.0
v10;j1-2,-0.046328664,0.0,0.0,0.0
v10;j2-7,0.0009947419,0.0,0.0,0.0
v10;j2-2,-0.048423905,0.0,0.0,0.0
v10;j2-6,0.024367169,0.0,0.0,0.0
v10;j1-3,-0.05565519,0.0,0.0,0.0
v10;j1-7,0.054541618,0.0,0.0,0.0
v10;j2-5,0.030477785,0.0,0.0,0.0
v10;j2-4,-0.029708154,0.0,0.0,0.0
v10;j1-1,-0.06162449,0.0,0.0,0.0
v10;j1-6,-0.052998945,0.0,0.0,0.0
v10;j1-5,-0.04961885,0.0,0.0,0.0
v21;j1-4,-0.028229024,0.0,0.0,0.0
v21;j2-3,-0.032948464,0.0,0.0,0.0
v21;j2-1,0.0004010275,0.0,0.0,0.0
v21;j1-2,-0.058821585,0.0,0.0,0.0
v21;j2-7,0.046628825,0.0,0.0,0.0
v21;j2-2,-0.02969173,0.0,0.0,0.0
v21;j2-6,-0.020208433,0.0,0.0,0.0
v21;j1-3,-0.012600258,0.0,0.0,0.0
v21;j1-7,-0.015481554,0.0,0.0,0.0
v21;j2-5,0.011403501,0.0,0.0,0.0
v21;j2-4,0.024225965,0.0,0.0,0.0
v21;j1-1,0.04755856,0.0,0.0,0.0
v21;j1-6,0.03124322,0.0,0.0,0.0
v21;j1-5,0.052515678,0.0,0.0,0.0
v22;j1-4,-0.2329242,0.0002336266645899852,0.0,0.0
v22;j2-3,-0.12036646,7.78755548633284e-05,0.0,0.0
v22;j2-1,-0.47325176,0.0003115022194533136,0.0,0.0
v22;j1-2,-0.034355823,0.0,0.0,0.0
v22;j2-7,-0.37204614,0.000389377774316642,0.0,0.0
v22;j2-2,0.06273702,7.78755548633284e-05,0.0,0.0
v22;j2-6,0.021328911,0.0,0.0,0.0
v22;j1-3,-0.038025282,0.0,0.0,0.0
v22;j1-7,-0.003119465,0.0,0.0,0.0
v22;j2-5,-0.29350188,0.0002336266645899852,0.0,0.0
v22;j2-4,-0.17643082,7.78755548633284e-05,0.0,0.0
v22;j1-1,-0.16305262,7.78755548633284e-05,0.0,0.0
v22;j1-6,-0.027108561,0.0,0.0,0.0
v22;j1-5,-0.009278338,0.0,0.0,0.0
v9;j1-4,0.016001344,0.0,0.0,0.0
v9;j2-3,0.0474832,0.0,0.0,0.0
v9;j2-1,-0.04859451,0.0,0.0,0.0
v9;j1-2,-0.043887857,0.0,0.0,0.0
v9;j2-7,-0.027034272,0.0,0.0,0.0
v9;j2-2,0.05597412,0.0,0.0,0.0
v9;j2-6,0.04552018,0.0,0.0,0.0
v9;j1-3,-0.0380151,0.0,0.0,0.0
v9;j1-7,0.041943394,0.0,0.0,0.0
v9;j2-5,-0.006982006,0.0,0.0,0.0
v9;j2-4,0.010864675,0.0,0.0,0.0
v9;j1-1,0.021434367,0.0,0.0,0.0
v9;j1-6,0.062190644,0.0,0.0,0.0
v9;j1-5,0.014444873,0.0,0.0,0.0
v20;j1-4,-0.05422872,0.006230044389066272,0.0061763756007449655,0.003106666666666667
v20;j2-3,0.23693343,0.0034265244139864495,0.0037578252838578264,0.003256666666666667
v20;j2-1,0.09453535,0.005529164395296316,0.00565947381299851,0.004006666666666667
v20;j1-2,1.8243589,0.0,1.510772892574875e-07,0.00328
v20;j2-7,0.36259925,0.0047504088466630325,0.004904814158365195,0.00626
v20;j2-2,0.28015715,0.002492017755626509,0.0024746192659356406,0.0022466666666666668
v20;j2-6,0.04626254,0.0,0.0,0.0
v20;j1-3,2.2159572,0.0,1.9417109367951196e-05,0.0026666666666666666
v20;j1-7,-0.018011741,0.0,0.0,0.0
v20;j2-5,0.36566263,0.002725644420216494,0.0029350942861022062,0.003913333333333333
v20;j2-4,0.14631225,0.002102639981309867,0.002227193462365912,0.0026466666666666665
v20;j1-1,0.7033724,0.0006230044389066272,0.000591964741008726,0.0023333333333333335
v20;j1-6,-0.045241684,0.0,0.0,0.0
v20;j1-5,0.12712514,0.0031928977493964643,0.002602352239095751,0.0014866666666666667
v16;j1-4,-0.33755767,0.010591075461412663,0.01064977031843104,0.0037966666666666665
v16;j2-3,-0.37217128,0.00926719102873608,0.009569593657211977,0.00418
v16;j2-1,-0.2795886,0.011058328790592632,0.011663611783553131,0.005073333333333333
v16;j1-2,1.8233713,0.0,1.9671652250965963e-07,0.0042833333333333334
v16;j2-7,-0.21978933,0.011603457674635932,0.01200894810766739,0.00815
v16;j2-2,-0.27550343,0.006463671053656257,0.006158159758559744,0.00268
v16;j2-6,0.0130049735,0.0,0.0,0.0
v16;j1-3,2.293797,0.0,2.032913329981451e-05,0.003533333333333333
v16;j1-7,-0.018548202,0.0,0.0,0.0
v16;j2-5,-0.45766562,0.00879993769955611,0.008817870985987335,0.005176666666666667
v16;j2-4,-0.43051744,0.005451288840432988,0.0050735144610938926,0.0034766666666666665
v16;j1-1,-0.07133772,0.001557511097266568,0.0015615967938746207,0.003106666666666667
v16;j1-6,0.019506536,0.0,0.0,0.0
v16;j1-5,0.07105904,0.003115022194533136,0.003461787362917031,0.0020833333333333333
v19;j1-4,-0.12378187,0.013472470991355814,0.013429494951962401,0.006103333333333333
v19;j2-3,-0.25725657,0.0131609687719025,0.012972126714597463,0.006583333333333333
v19;j2-1,-0.30121914,0.01604236430184565,0.016772866174103323,0.00773
v19;j1-2,1.9285346,0.0,2.887027920660139e-07,0.0063033333333333335
v19;j2-7,0.05200386,0.013394595436492485,0.01415981507380343,0.01251
v19;j2-2,-0.37499493,0.010045946577369364,0.0104757702013017,0.004373333333333333
v19;j2-6,-0.05587849,0.0,0.0,0.0
v19;j1-3,2.3790624,0.0,2.7599578241976885e-05,0.004966666666666667
v19;j1-7,0.011365436,0.0,0.0,0.0
v19;j2-5,-0.30085576,0.010902577680865977,0.011268152843514723,0.007703333333333334
v19;j2-4,-0.5078713,0.008722062144692781,0.00828998956230404,0.005173333333333334
v19;j1-1,-0.16549855,0.002725644420216494,0.002562816230040617,0.004683333333333334
v19;j1-6,0.033947438,0.0,0.0,0.0
v19;j1-5,0.24528684,0.004361031072346391,0.004930232523363874,0.00337
v29;j1-4,-0.21142039,0.007086675492562884,0.007711744667675188,0.0029566666666666665
v29;j2-3,0.33865154,0.0031928977493964643,0.003739800129513716,0.0032366666666666668
v29;j2-1,0.22746709,0.004906159956389689,0.005253185738319695,0.0038066666666666665
v29;j1-2,1.796767,0.0,1.3363608542646463e-07,0.0029233333333333333
v29;j2-7,0.26288247,0.0056849155050229735,0.005874937879839133,0.006073333333333333
v29;j2-2,-0.13349172,0.00389377774316642,0.004039006159257497,0.0020833333333333333
v29;j2-6,-0.014020104,0.0,0.0,0.0
v29;j1-3,2.230813,0.0,1.5849900084046582e-05,0.0024533333333333334
v29;j1-7,-0.022783112,0.0,0.0,0.0
v29;j2-5,0.12048308,0.003270773304259793,0.0035757541719248945,0.0037
v29;j2-4,0.060723163,0.0020247644264465383,0.002288787589013292,0.0025166666666666666
v29;j1-1,0.61105835,0.0004672533291799704,0.0005908490439077659,0.0022966666666666665
v29;j1-6,0.035992593,0.0,0.0,0.0
v29;j1-5,-0.4050062,0.003815902188303092,0.004098942919707059,0.0015233333333333334
v2;j1-4,-0.09100988,0.00926719102873608,0.009708505387805566,0.00414
v2;j2-3,-0.24982396,0.008722062144692781,0.01017448193458507,0.004673333333333333
v2;j2-1,0.18789724,0.007943306596059498,0.008556795520008771,0.00595
v2;j1-2,1.8657552,0.0,2.1765542475910947e-07,0.00458
v2;j2-7,0.077161476,0.008566311034966124,0.009667001277195266,0.00898
v2;j2-2,-0.09184504,0.006074293279339615,0.006257876053173367,0.0031666666666666666
v2;j2-6,-0.004970126,0.0,0.0,0.0
v2;j1-3,2.0866165,0.0,3.141074495281853e-05,0.003746666666666667
v2;j1-7,-0.014284525,0.0,0.0,0.0
v2;j2-5,0.08089049,0.005217662175843003,0.005624774023496047,0.005583333333333333
v2;j2-4,-0.023726968,0.003660151078576435,0.003772428073714505,0.0037233333333333333
v2;j1-1,0.69465345,0.0007008799937699556,0.0007264465378377247,0.0034833333333333335
v2;j1-6,0.010301016,0.0,0.0,0.0
v2;j1-5,-0.03928146,0.004283155517483062,0.004648010384122905,0.0024833333333333335
v13-2;j1-4,-0.051566485,0.013238844326765828,0.012629424098148517,0.00587
v13-2;j2-3,-0.23041603,0.014251226539989097,0.013264428391990142,0.006323333333333334
v13-2;j2-1,-0.30783385,0.018768008722062145,0.018189827756558703,0.00801
v13-2;j1-2,1.8984705,0.0,2.9573605042425603e-07,0.006376666666666667
v13-2;j2-7,-0.34786713,0.020870648703372012,0.02027142428156619,0.012436666666666667
v13-2;j2-2,-0.22041151,0.009890195467642707,0.010187869515226966,0.0044533333333333334
v13-2;j2-6,0.019605547,0.0,0.0,0.0
v13-2;j1-3,2.4248676,0.0,2.6774076768415736e-05,0.005123333333333333
v13-2;j1-7,-0.017942876,0.0,0.0,0.0
v13-2;j2-5,-0.21526271,0.010279573241959349,0.010210433075247643,0.00794
v13-2;j2-4,-0.16752976,0.006775173273109571,0.006575376136134045,0.00521
v13-2;j1-1,0.26871824,0.0016353866521298965,0.0017696215704230865,0.00489
v13-2;j1-6,0.0036434382,0.0,0.0,0.0
v13-2;j1-5,-0.48009554,0.009578693248189394,0.009340299289011287,0.0033466666666666666
v12-3;j1-4,-0.056502968,0.0,0.0,0.0
v12-3;j2-3,-0.052993707,0.0,0.0,0.0
v12-3;j2-1,0.030376345,0.0,0.0,0.0
v12-3;j1-2,0.05426324,0.0,0.0,0.0
v12-3;j2-7,-0.02179303,0.0,0.0,0.0
v12-3;j2-2,-0.018926982,0.0,0.0,0.0
v12-3;j2-6,0.030317284,0.0,0.0,0.0
v12-3;j1-3,-0.057129472,0.0,0.0,0.0
v12-3;j1-7,-0.037070215,0.0,0.0,0.0
v12-3;j2-5,0.042606056,0.0,0.0,0.0
v12-3;j2-4,-0.02864214,0.0,0.0,0.0
v12-3;j1-1,-0.0040187985,0.0,0.0,0.0
v12-3;j1-6,-0.0085622,0.0,0.0,0.0
v12-3;j1-5,-0.062097967,0.0,0.0,0.0
v25;j1-4,-0.030409545,0.0,0.0,0.0
v25;j2-3,0.024247989,0.0,0.0,0.0
v25;j2-1,-0.016825583,0.0,0.0,0.0
v25;j1-2,-0.006702941,0.0,0.0,0.0
v25;j2-7,0.055769295,0.0,0.0,0.0
v25;j2-2,-0.027391098,0.0,0.0,0.0
v25;j2-6,-0.05752731,0.0,0.0,0.0
v25;j1-3,-0.01859308,0.0,0.0,0.0
v25;j1-7,-0.021144427,0.0,0.0,0.0
v25;j2-5,-0.062351752,0.0,0.0,0.0
v25;j2-4,-0.042469162,0.0,0.0,0.0
v25;j1-1,0.033709362,0.0,0.0,0.0
v25;j1-6,-0.027658585,0.0,0.0,0.0
v25;j1-5,0.001304321,0.0,0.0,0.0
v30;j1-4,1.3967813,0.0,6.314360882225516e-05,0.00015333333333333334
v30;j2-3,1.4803066,0.0,4.556381847397585e-05,0.00016333333333333334
v30;j2-1,0.7903648,7.78755548633284e-05,0.0001389720481363092,0.00023333333333333333
v30;j1-2,0.8477536,0.0,6.503452870654271e-09,0.00013
v30;j2-7,0.90134513,7.78755548633284e-05,0.00013676005312121032,0.00035666666666666664
v30;j2-2,1.2425942,0.0,4.085084994496848e-05,8.666666666666667e-05
v30;j2-6,0.018426836,0.0,0.0,0.0
v30;j1-3,1.1942462,0.0,3.996399091320609e-06,0.00015
v30;j1-7,-0.0074124895,0.0,0.0,0.0
v30;j2-5,1.6770694,0.0,4.386892377123951e-05,0.00025
v30;j2-4,1.3657628,0.0,3.292444601032694e-05,0.00014666666666666666
v30;j1-1,1.2837828,0.0,1.734356248163726e-05,0.00015
v30;j1-6,0.046112895,0.0,0.0,0.0
v30;j1-5,1.0289702,0.0,5.26558045179284e-05,8e-05
v26;j1-4,2.435441,0.0,0.0015488501896885037,0.008516666666666667
v26;j2-3,2.4768133,0.0,0.0012205121145388682,0.00908
v26;j2-1,2.468519,0.0,0.0016075164037525308,0.011143333333333333
v26;j1-2,1.9404223,0.0,4.056211364695162e-07,0.008816666666666667
v26;j2-7,2.4615252,0.0,0.0019173783407347537,0.018166666666666668
v26;j2-2,2.5044587,0.0,0.0008662427983630487,0.006186666666666667
v26;j2-6,0.061541334,0.0,0.0,0.0
v26;j1-3,2.4014282,0.0,4.1379311126256965e-05,0.007073333333333333
v26;j1-7,0.048195504,0.0,0.0,0.0
v26;j2-5,2.448837,0.0,0.0010880707565333045,0.01126
v26;j2-4,2.4203613,0.0,0.0006681495748679395,0.00748
v26;j1-1,2.4785361,0.0,0.00027240127028078617,0.006796666666666667
v26;j1-6,-0.049876444,0.0,0.0,0.0
v26;j1-5,2.4567063,0.0,0.0007494138336882029,0.004693333333333333
v14;j1-4,0.0017750696,0.004828284401526361,0.004831040832207342,0.0023133333333333335
v14;j2-3,-0.123052,0.004516782182073047,0.00441237726209914,0.00238
v14;j2-1,-0.26197606,0.0063857954987929285,0.006319916944253089,0.0028333333333333335
v14;j1-2,1.730839,0.0,1.0774858976212305e-07,0.00227
v14;j2-7,-0.05141091,0.005529164395296316,0.006178084734716699,0.00481
v14;j2-2,-0.24356182,0.0035822755237131065,0.0035948189229381535,0.0015366666666666666
v14;j2-6,-0.025433488,0.0,0.0,0.0
v14;j1-3,2.0047297,0.0,1.8116919332939732e-05,0.0018766666666666667
v14;j1-7,0.040279433,0.0,0.0,0.0
v14;j2-5,-0.22981492,0.003815902188303092,0.004304367797772893,0.00284
v14;j2-4,-0.16037224,0.002336266645899852,0.002471355471093125,0.0019166666666666666
v14;j1-1,-0.32204378,0.0014796355424032397,0.0011719188598259909,0.00169
v14;j1-6,0.055011466,0.0,0.0,0.0
v14;j1-5,0.3188732,0.0020247644264465383,0.0019260914464430264,0.0012766666666666666
