Feature	Energy
l1	-0.027778737
l2	0.013415553
l3	-1.3722794
l4	-1.9839824
l5	-0.6559833
l6	0.53386027
l7	-0.00809792
l8	0.5194674
l9	0.24730313
l10	-0.027598834
l11	-0.16247845
l12	-0.12931314
l13	-0.05544833
l14	-0.046867147
l15	-0.0014943145
l16	0.03670849
l17	0.10426898
l18	0.1518671
l19	0.053580653
l20	-0.06652533
l21	-0.3260572
l22	-0.38632172
l23	-0.51476747
l24	1.0159769
l25	0.4725476
l26	0.40521505
l27	-0.08536172
l28	-0.009283224
l29	-0.024580762
l30	-0.0008315109
aA0	0.016256038
aA1	0.05713921
aA2	-0.04262085
aA3	0.16361684
aA4	0.079714015
aA5	0.062700026
aA6	0.010676485
aA7	-0.023746323
aA8	-0.104947574
aA9	-0.109003216
aA10	-0.016372174
aA11	0.19295374
aA12	0.35271832
aA13	0.6549651
aA14	0.7616815
aA15	0.7366492
aA16	0.8975649
aA17	2.3763056
aA18	2.19487
aA19	0.44036517
aA20	0.2006355
aA21	-0.1967376
aA22	-0.037864752
aA23	-0.013060611
aA24	-0.016333375
aA-25	0.33690658
aA-24	0.42809895
aA-23	0.89963144
aA-22	-0.24085754
aA-21	-0.27094918
aA-20	0.7312763
aA-19	0.7774202
aA-18	0.6864316
aA-17	0.5828717
aA-16	0.4256665
aA-15	0.29318464
aA-14	0.15298048
aA-13	-0.0019218363
aA-12	-0.17847256
aA-11	-0.1552175
aA-10	-0.16884954
aA-9	-0.16479266
aA-8	-0.11302749
aA-7	-0.06817979
aA-6	0.01631515
aA-5	0.0017155994
aA-4	0.57128537
aA-3	-4.959548
aA-2	0.27048355
aA-1	-0.013638835
aC0	0.05802651
aC1	-0.33914644
aC2	-0.04355674
aC3	0.4296683
aC4	1.6982762
aC5	2.2025867
aC6	1.8854928
aC7	1.1236042
aC8	0.22857456
aC9	-0.4709703
aC10	-1.1547691
aC11	-2.775904
aC12	-1.171567
aC13	-0.7023324
aC14	-0.15996875
aC15	0.011990525
aC16	-0.031247053
aC17	-0.008269243
aC18	0.038461387
aC19	0.036805652
aC20	-0.024999073
aC21	0.017952044
aC22	-0.007929012
aC23	0.013225954
aC24	0.03920269
aC-25	0.45231605
aC-24	1.0113755
aC-23	-0.54078317
aC-22	-0.43565494
aC-21	-0.30855602
aC-20	-0.0055284672
aC-19	0.046453916
aC-18	0.10795535
aC-17	0.12431667
aC-16	0.11585515
aC-15	0.023195017
aC-14	0.015407854
aC-13	0.078884006
aC-12	0.15343359
aC-11	0.19594958
aC-10	0.03360928
aC-9	0.22751239
aC-8	0.1984536
aC-7	0.3018182
aC-6	-0.7472863
aC-5	-0.56353414
aC-4	-0.48504847
aC-3	-3.1320233
aC-2	-3.354071
aC-1	0.0192727
aD0	0.010199349
aD1	-0.5061
aD2	0.40694702
aD3	-0.08793933
aD4	-0.3549023
aD5	-0.1592849
aD6	-0.21557657
aD7	-0.102535576
aD8	0.041992147
aD9	0.18434253
aD10	0.34074822
aD11	0.20076624
aD12	0.14592484
aD13	0.13826294
aD14	0.12772964
aD15	0.4240918
aD16	1.4779549
aD17	1.9709209
aD18	1.4893436
aD19	0.16952609
aD20	0.024546862
aD21	0.06490779
aD22	0.03865607
aD23	0.03692528
aD24	0.027503297
aD-25	0.0110907
aD-24	-0.03388007
aD-23	-0.037683748
aD-22	0.1018291
aD-21	0.29007995
aD-20	1.4921589
aD-19	0.7217159
aD-18	0.36995125
aD-17	0.4746232
aD-16	0.27204219
aD-15	0.406629
aD-14	0.27957967
aD-13	0.2269855
aD-12	0.13352394
aD-11	0.0288639
aD-10	0.12733585
aD-9	0.027337588
aD-8	-0.013829742
aD-7	-0.09070924
aD-6	-0.09024774
aD-5	-0.036103632
aD-4	-0.012245073
aD-3	-4.37693
aD-2	-5.491806
aD-1	0.007864881
aE0	-0.015974093
aE1	0.28596297
aE2	-0.05920489
aE3	0.12237519
aE4	-0.21951137
aE5	0.07288695
aE6	0.0894205
aE7	0.087070175
aE8	0.08450957
aE9	-0.054505657
aE10	-0.08417253
aE11	-0.018499833
aE12	0.101841524
aE13	0.20462447
aE14	0.53079283
aE15	0.4792222
aE16	2.1264539
aE17	2.3320034
aE18	0.78029346
aE19	0.20558156
aE20	0.024085736
aE21	-0.009678116
aE22	0.0016746819
aE23	-0.034872074
aE24	-0.03382225
aE-25	0.007230643
aE-24	0.008280739
aE-23	0.071784206
aE-22	0.24737181
aE-21	0.6068077
aE-20	1.5874449
aE-19	1.805568
aE-18	0.77444285
aE-17	0.4558086
aE-16	0.3407742
aE-15	0.3770632
aE-14	0.20348178
aE-13	0.14745599
aE-12	0.008045393
aE-11	0.020618333
aE-10	-0.026982374
aE-9	-0.071766146
aE-8	-0.054525338
aE-7	-0.16722386
aE-6	-0.43549773
aE-5	0.15635747
aE-4	-0.9542102
aE-3	-4.4993916
aE-2	-2.1431453
aE-1	-0.033951633
aF0	0.0025023296
aF1	-0.111317635
aF2	-0.22904284
aF3	-0.06578563
aF4	-0.03238741
aF5	-0.08553714
aF6	-0.07444706
aF7	-0.0363609
aF8	-0.1738759
aF9	-0.25622058
aF10	-0.3359341
aF11	-0.29149362
aF12	-0.22551063
aF13	-0.11808424
aF14	0.029751312
aF15	0.12218613
aF16	0.1506296
aF17	0.08029938
aF18	0.045667987
aF19	-0.008684024
aF20	-0.38233843
aF21	-0.41398633
aF22	-0.54785913
aF23	1.0121003
aF24	0.4431738
aF-25	-0.026820665
aF-24	0.015585344
aF-23	0.020617656
aF-22	0.12313592
aF-21	0.78406173
aF-20	0.6390628
aF-19	1.0871664
aF-18	0.40223145
aF-17	-0.04721137
aF-16	-0.13141708
aF-15	-0.057190455
aF-14	-0.11083154
aF-13	-0.17969897
aF-12	-0.11296134
aF-11	-0.071948215
aF-10	-0.18938784
aF-9	-0.0103854975
aF-8	0.0095702605
aF-7	0.27315193
aF-6	-0.003988101
aF-5	0.4905922
aF-4	-0.41650626
aF-3	-1.3489492
aF-2	-0.63824284
aF-1	-0.21691583
aG0	-0.016726624
aG1	-0.034885135
aG2	0.27522227
aG3	0.27789873
aG4	0.095120735
aG5	-0.112012684
aG6	-0.2559942
aG7	-0.28647634
aG8	-0.39583084
aG9	-0.34411398
aG10	-0.36888525
aG11	-0.43452984
aG12	-0.48304436
aG13	-0.5358241
aG14	-0.631889
aG15	-0.6566269
aG16	-0.63106066
aG17	-0.51513916
aG18	0.77289104
aG19	1.0896262
aG20	0.37069824
aG21	0.29841968
aG22	0.10258538
aG23	0.03614208
aG24	-0.0046125613
aG-25	-0.017550543
aG-24	0.06696128
aG-23	0.025340127
aG-22	0.3971719
aG-21	1.5437549
aG-20	0.8415931
aG-19	0.8891009
aG-18	0.34090966
aG-17	0.29887894
aG-16	0.18215781
aG-15	0.11231145
aG-14	0.015047914
aG-13	-0.07268109
aG-12	-0.08527101
aG-11	-0.15473886
aG-10	-0.016771898
aG-9	-0.19793583
aG-8	-0.41918838
aG-7	-0.34500888
aG-6	-0.20829001
aG-5	-0.33372203
aG-4	0.4572679
aG-3	-6.210133
aG-2	-5.176333
aG-1	0.029306456
aH0	0.011821553
aH1	0.09564386
aH2	-0.039107934
aH3	-0.18468183
aH4	0.016041193
aH5	0.24297914
aH6	0.44289693
aH7	0.63828176
aH8	0.46493486
aH9	-0.2666496
aH10	-1.2534883
aH11	-2.149009
aH12	-2.776923
aH13	-2.2076855
aH14	-1.3716582
aH15	-0.68795335
aH16	0.024183415
aH17	-0.1724702
aH18	-0.00051800534
aH19	0.039449945
aH20	0.012203276
aH21	-0.014410388
aH22	-0.022515949
aH23	0.034111507
aH24	-0.040453702
aH-25	0.01564087
aH-24	0.021250129
aH-23	0.030509718
aH-22	-0.02683536
aH-21	0.12190678
aH-20	0.16817063
aH-19	0.7371008
aH-18	1.5091515
aH-17	-0.09258608
aH-16	0.025387235
aH-15	-0.031723283
aH-14	-0.09048467
aH-13	0.06108449
aH-12	0.106453806
aH-11	0.118205406
aH-10	0.09030571
aH-9	0.27622136
aH-8	0.38336018
aH-7	0.5124524
aH-6	0.19991954
aH-5	-0.14938985
aH-4	-1.4656681
aH-3	-5.1504774
aH-2	-4.811353
aH-1	0.022896454
aI0	0.03206283
aI1	0.2839676
aI2	0.021839144
aI3	0.03748682
aI4	0.050709274
aI5	-0.03655693
aI6	0.10298384
aI7	0.05308714
aI8	0.0040839133
aI9	0.19435772
aI10	-0.011721766
aI11	-0.077777244
aI12	-0.13028774
aI13	-0.16003928
aI14	-0.06620851
aI15	0.12527245
aI16	0.31296152
aI17	0.58848107
aI18	1.1986016
aI19	1.0830745
aI20	1.939342
aI21	3.2689912
aI22	0.38720825
aI23	0.10131864
aI24	0.012908118
aI-25	0.029158264
aI-24	0.05968
aI-23	0.1118354
aI-22	1.7598227
aI-21	3.814465
aI-20	1.6929982
aI-19	0.5518856
aI-18	-0.037776418
aI-17	-0.1694083
aI-16	-0.062260587
aI-15	-0.09534107
aI-14	-0.17958824
aI-13	-0.09118798
aI-12	-0.04705358
aI-11	-0.05231097
aI-10	-0.08310566
aI-9	0.010317112
aI-8	-0.04896672
aI-7	-0.0019934752
aI-6	0.018150281
aI-5	0.1780364
aI-4	0.6806658
aI-3	0.12406552
aI-2	0.058799222
aI-1	0.006369382
aK0	-0.030761685
aK1	0.89366597
aK2	0.9450698
aK3	-0.20410717
aK4	-0.19762212
aK5	0.019445641
aK6	0.12707193
aK7	-0.0129798055
aK8	-0.048826844
aK9	-0.12140829
aK10	-0.122102894
aK11	-0.033736527
aK12	0.009077439
aK13	-0.008719489
aK14	0.09192207
aK15	0.023451604
aK16	-0.0019960597
aK17	0.2429064
aK18	-0.118407406
aK19	0.11869104
aK20	0.6720285
aK21	0.39081168
aK22	0.2890396
aK23	-0.12909809
aK24	-0.034571197
aK-25	-0.04009703
aK-24	0.015209757
aK-23	-0.02201346
aK-22	-0.024241857
aK-21	0.010920197
aK-20	0.10371141
aK-19	0.8950677
aK-18	1.6057289
aK-17	0.35981774
aK-16	0.230598
aK-15	0.3794285
aK-14	0.29849395
aK-13	0.28422785
aK-12	0.21266164
aK-11	0.18280928
aK-10	0.09824437
aK-9	-0.008406391
aK-8	-0.022452805
aK-7	-0.028272683
aK-6	-0.29917923
aK-5	-1.1811429
aK-4	-0.039284036
aK-3	-3.7241228
aK-2	-6.580458
aK-1	-0.022348309
aL0	-0.031220999
aL1	-0.023940537
aL2	-0.21114315
aL3	3.8536236e-05
aL4	0.028722413
aL5	0.014536958
aL6	0.15694945
aL7	0.23826936
aL8	0.107560694
aL9	0.10838563
aL10	0.11368294
aL11	0.068374045
aL12	0.085319735
aL13	-0.034380864
aL14	-0.04833151
aL15	0.068626575
aL16	0.19574377
aL17	-0.021495875
aL18	-0.083361246
aL19	-0.33954
aL20	-0.20136787
aL21	0.9939593
aL22	0.50182045
aL23	0.3371269
aL24	-0.11368516
aL-25	0.048470136
aL-24	0.24732302
aL-23	-0.00081534986
aL-22	0.5595012
aL-21	3.093561
aL-20	1.5539804
aL-19	0.88678604
aL-18	0.19324784
aL-17	-0.04025416
aL-16	-0.14868861
aL-15	-0.15648033
aL-14	-0.14981632
aL-13	-0.18166623
aL-12	-0.2113679
aL-11	-0.1764836
aL-10	-0.24459939
aL-9	-0.04372734
aL-8	0.0043425513
aL-7	0.13614222
aL-6	-0.073734514
aL-5	0.21804951
aL-4	-0.8604506
aL-3	0.6553636
aL-2	-0.6321618
aL-1	-0.025620878
aM0	-0.00401311
aM1	0.56899154
aM2	-0.33104676
aM3	0.0907709
aM4	-0.056894787
aM5	-0.14244536
aM6	-0.06608436
aM7	0.26306474
aM8	0.084193885
aM9	-0.1196295
aM10	-0.120104745
aM11	0.14176175
aM12	0.29633135
aM13	0.37874943
aM14	0.6827129
aM15	0.30017635
aM16	0.18251903
aM17	3.3196568
aM18	1.8002689
aM19	0.37367886
aM20	0.11601235
aM21	0.056934725
aM22	0.012683291
aM23	0.03867545
aM24	-0.033391967
aM-25	-0.009659005
aM-24	0.08733199
aM-23	0.19229741
aM-22	0.16948822
aM-21	1.7046878
aM-20	1.4830586
aM-19	2.4212453
aM-18	0.5455769
aM-17	0.020886898
aM-16	-0.013618545
aM-15	-0.15744251
aM-14	-0.1773212
aM-13	-0.2399493
aM-12	-0.19035499
aM-11	-0.08092594
aM-10	-0.08952782
aM-9	-0.17527458
aM-8	-0.09082922
aM-7	-0.08954738
aM-6	0.047703665
aM-5	0.026082369
aM-4	-0.26542765
aM-3	0.3812707
aM-2	0.3005952
aM-1	-0.015828421
aN0	-0.00068476796
aN1	0.47378552
aN2	0.598991
aN3	-0.09758754
aN4	0.016433172
aN5	-0.023606228
aN6	-0.077149116
aN7	-0.018825857
aN8	0.005803727
aN9	0.038534496
aN10	0.07550753
aN11	0.09319928
aN12	0.09223542
aN13	0.07449442
aN14	0.0702175
aN15	-0.14253026
aN16	0.10777725
aN17	0.5472331
aN18	3.4857545
aN19	2.1927156
aN20	0.71495825
aN21	-0.08734711
aN22	0.044459507
aN23	0.010844283
aN24	0.035842672
aN-25	0.0042440444
aN-24	-0.040009934
aN-23	-0.017793173
aN-22	-0.0038963445
aN-21	0.11439763
aN-20	0.42917943
aN-19	0.9728155
aN-18	0.97464687
aN-17	0.3161448
aN-16	0.08799998
aN-15	0.21643357
aN-14	0.12717932
aN-13	0.06958111
aN-12	0.027084488
aN-11	0.004601233
aN-10	0.051592544
aN-9	-0.06128093
aN-8	0.10713919
aN-7	-0.043813776
aN-6	-0.012436943
aN-5	0.23266314
aN-4	0.6656863
aN-3	-3.7647722
aN-2	-1.9676545
aN-1	-0.035205763
aP0	0.0033820234
aP1	-0.12730972
aP2	-0.4797332
aP3	-0.09367048
aP4	-0.3732149
aP5	-0.23135136
aP6	0.13528354
aP7	0.40524828
aP8	0.26386946
aP9	0.23483284
aP10	0.26885745
aP11	0.3078416
aP12	0.76053905
aP13	0.9216781
aP14	1.1908127
aP15	1.3647465
aP16	2.0218234
aP17	2.7556975
aP18	3.3108547
aP19	1.0133566
aP20	0.24426486
aP21	0.051312022
aP22	0.0260415
aP23	-0.018082352
aP24	-0.027649751
aP-25	0.022911035
aP-24	-0.039740726
aP-23	-0.038030036
aP-22	0.016024338
aP-21	0.3178993
aP-20	0.6868265
aP-19	0.20065519
aP-18	1.2058811
aP-17	0.2692723
aP-16	-0.25749433
aP-15	-0.12920718
aP-14	-0.077358596
aP-13	0.09444212
aP-12	0.044534966
aP-11	0.09674355
aP-10	0.19216548
aP-9	0.3223954
aP-8	0.4479654
aP-7	0.50706977
aP-6	0.5270115
aP-5	0.44814092
aP-4	-0.24947798
aP-3	-0.39437956
aP-2	-6.8370314
aP-1	-0.014128484
aQ0	-0.008443799
aQ1	0.7270314
aQ2	0.43157724
aQ3	-0.16978861
aQ4	0.0018497545
aQ5	-0.080487974
aQ6	0.0606342
aQ7	0.06463945
aQ8	0.111602314
aQ9	0.10997265
aQ10	0.15424876
aQ11	0.21084943
aQ12	0.16459891
aQ13	0.1913529
aQ14	-0.02866457
aQ15	-0.023583222
aQ16	-0.07794346
aQ17	-0.37864283
aQ18	0.10720028
aQ19	1.4482495
aQ20	1.4124845
aQ21	0.24758716
aQ22	0.02546139
aQ23	0.009703876
aQ24	0.014426485
aQ-25	0.02484525
aQ-24	-0.038233664
aQ-23	0.023756811
aQ-22	0.06996693
aQ-21	0.14819379
aQ-20	1.0579711
aQ-19	2.9971106
aQ-18	2.0888505
aQ-17	0.7428345
aQ-16	0.19640145
aQ-15	0.250443
aQ-14	0.15407242
aQ-13	0.14992653
aQ-12	0.102650814
aQ-11	0.09889789
aQ-10	0.046737507
aQ-9	0.056319933
aQ-8	-0.10595812
aQ-7	0.2783197
aQ-6	0.30900204
aQ-5	0.3567715
aQ-4	-0.089466415
aQ-3	-5.18534
aQ-2	0.1812977
aQ-1	0.027695902
aR0	0.009990636
aR1	0.9066212
aR2	0.65205896
aR3	-0.07535269
aR4	-0.07877441
aR5	-0.18593802
aR6	-0.07149332
aR7	-0.11533199
aR8	-0.15569197
aR9	-0.31817037
aR10	-0.25436974
aR11	-0.3767386
aR12	-0.555913
aR13	-0.22593553
aR14	-0.32402718
aR15	-0.3556436
aR16	0.7871025
aR17	1.4948057
aR18	2.6959412
aR19	1.3332678
aR20	0.24526955
aR21	0.09665553
aR22	0.025782967
aR23	0.033285633
aR24	-0.018063629
aR-25	-0.033685233
aR-24	0.012839928
aR-23	0.08063521
aR-22	0.2373692
aR-21	0.52114373
aR-20	1.2132832
aR-19	1.1413661
aR-18	0.32305962
aR-17	0.21529199
aR-16	0.1958718
aR-15	0.097357914
aR-14	0.018651012
aR-13	0.00461822
aR-12	0.006487502
aR-11	0.053178277
aR-10	0.040773004
aR-9	-0.09019532
aR-8	-0.031712424
aR-7	0.08812677
aR-6	-0.047361184
aR-5	-0.18201822
aR-4	-0.98741466
aR-3	-5.00362
aR-2	0.072762184
aR-1	0.009076126
aS0	-0.029113762
aS1	-0.99346745
aS2	-0.18663868
aS3	-0.05689177
aS4	-0.032196674
aS5	0.0008589038
aS6	0.024030266
aS7	0.06918799
aS8	0.060545985
aS9	-0.03942735
aS10	-0.03987051
aS11	-0.10409585
aS12	0.04506595
aS13	0.123429745
aS14	0.06392186
aS15	0.10912386
aS16	0.42413363
aS17	3.0462115
aS18	3.1205258
aS19	1.4515973
aS20	0.49517745
aS21	0.034817643
aS22	-0.15262684
aS23	0.07544359
aS24	0.0031647123
aS-25	0.033789545
aS-24	-0.12827335
aS-23	0.31588975
aS-22	0.18469597
aS-21	0.24806432
aS-20	1.6571567
aS-19	2.1815324
aS-18	0.92689645
aS-17	0.58661973
aS-16	0.17512168
aS-15	0.05079095
aS-14	-0.046990268
aS-13	-0.07511382
aS-12	-0.12665035
aS-11	-0.13697237
aS-10	-0.029973187
aS-9	-0.10866871
aS-8	0.18376838
aS-7	-0.073876195
aS-6	-0.062494572
aS-5	0.030923724
aS-4	-1.0787913
aS-3	0.49458554
aS-2	-0.3043276
aS-1	0.0055121556
aT0	0.018893026
aT1	-0.7652705
aT2	-0.0012029615
aT3	-0.028155895
aT4	0.032072563
aT5	0.06891954
aT6	0.002047661
aT7	-0.050269168
aT8	-0.10790735
aT9	-0.100154884
aT10	-0.12973376
aT11	-0.11379581
aT12	-0.020500805
aT13	-0.055299353
aT14	-0.0081857
aT15	0.007498501
aT16	-0.020100998
aT17	0.21000002
aT18	0.29521486
aT19	0.3216103
aT20	-0.17930137
aT21	-0.04507314
aT22	0.6142241
aT23	0.3436888
aT24	0.32433122
aT-25	-0.0033742152
aT-24	-0.037810378
aT-23	0.07357473
aT-22	-0.038373962
aT-21	1.2087448
aT-20	2.3338878
aT-19	0.70503676
aT-18	0.57781
aT-17	0.1468771
aT-16	0.06309157
aT-15	0.01727096
aT-14	0.00957122
aT-13	-0.026554853
aT-12	-0.12393297
aT-11	-0.12800735
aT-10	-0.030107329
aT-9	-0.045350388
aT-8	0.00963984
aT-7	0.111623876
aT-6	-0.012414558
aT-5	-0.29148313
aT-4	-1.1267086
aT-3	-5.147199
aT-2	0.34207612
aT-1	-0.039364256
aV0	0.019982673
aV1	-0.3358577
aV2	-0.08071326
aV3	0.048949234
aV4	0.11710076
aV5	0.088106535
aV6	0.19697008
aV7	0.15510447
aV8	0.048650432
aV9	-0.017452314
aV10	-0.08938392
aV11	-0.070062704
aV12	-0.051901247
aV13	0.07910757
aV14	0.16471761
aV15	0.2860886
aV16	0.44854724
aV17	0.7071142
aV18	0.39429212
aV19	0.8985259
aV20	2.1679878
aV21	0.59382784
aV22	0.116215594
aV23	-0.026506945
aV24	-0.014457516
aV-25	-0.119312994
aV-24	0.07185589
aV-23	0.2379458
aV-22	1.0983188
aV-21	1.5162708
aV-20	1.2682816
aV-19	0.48406246
aV-18	0.67989355
aV-17	0.4131741
aV-16	0.32948875
aV-15	0.22198945
aV-14	0.09466667
aV-13	-0.011943033
aV-12	-0.0818517
aV-11	-0.08107544
aV-10	-0.11164415
aV-9	-0.11740681
aV-8	-0.13661852
aV-7	-0.09151968
aV-6	-0.24521881
aV-5	-0.32249442
aV-4	-1.1295254
aV-3	-0.06983804
aV-2	0.06836307
aV-1	-6.4161825
aW0	-0.01320748
aW1	0.98689216
aW2	0.9456636
aW3	0.13018657
aW4	0.0013602583
aW5	-0.2661332
aW6	-0.27252647
aW7	-0.26771525
aW8	-0.3121148
aW9	-0.42243332
aW10	0.06481425
aW11	0.1571035
aW12	0.27942976
aW13	1.5090616
aW14	2.3909094
aW15	4.2562933
aW16	4.0736237
aW17	2.837246
aW18	2.063877
aW19	1.3485348
aW20	0.7520624
aW21	0.2722735
aW22	0.067487456
aW23	0.020848192
aW24	0.01208922
aW-25	0.033242464
aW-24	0.040351138
aW-23	0.02056219
aW-22	-0.022479817
aW-21	-0.02323655
aW-20	0.14587452
aW-19	0.41877195
aW-18	0.5531409
aW-17	3.0489237
aW-16	1.0473424
aW-15	0.50716186
aW-14	0.52538794
aW-13	0.26574242
aW-12	0.203694
aW-11	0.13304272
aW-10	-0.11598961
aW-9	-0.23520519
aW-8	-0.40158436
aW-7	-0.55271316
aW-6	-0.32255834
aW-5	-0.14183411
aW-4	-0.7857537
aW-3	-2.525445
aW-2	-0.14806141
aW-1	11.575628
aY0	0.02233535
aY1	0.392566
aY2	0.24737847
aY3	-0.01951715
aY4	0.13552932
aY5	-0.072660424
aY6	-0.021821763
aY7	0.045561515
aY8	-0.021136716
aY9	0.11304628
aY10	0.054195367
aY11	0.14508884
aY12	0.25262886
aY13	0.30615184
aY14	0.3352238
aY15	0.51655537
aY16	1.0626987
aY17	1.225382
aY18	1.5649799
aY19	4.1377544
aY20	3.3549678
aY21	0.7255783
aY22	0.2171677
aY23	-0.032150842
aY24	0.00711391
aY-25	0.023799568
aY-24	0.027694523
aY-23	-0.0031094996
aY-22	0.1311209
aY-21	0.9684679
aY-20	2.7016797
aY-19	0.7205251
aY-18	0.0132781565
aY-17	-0.5610835
aY-16	-0.62793624
aY-15	-0.4205184
aY-14	-0.33923063
aY-13	-0.3344345
aY-12	-0.20048942
aY-11	-0.25271875
aY-10	-0.3288365
aY-9	-0.2679422
aY-8	-0.22279842
aY-7	-0.07837273
aY-6	0.19013579
aY-5	-0.011003201
aY-4	0.07950636
aY-3	0.5556237
aY-2	1.5696403
aY-1	-0.028578494
v12-1;j19	-0.017666012
v12-1;j48	0.9700224
v12-1;j2	-0.012459887
v12-1;j14	-0.020051317
v12-1;j25	-0.6163245
v12-1;j1	0.011808202
v12-1;j12	-0.27432477
v12-1;j13	1.3408259
v12-1;j15	0.28453606
v12-1;j46	0.05872269
v12-1;j18	-0.44975176
v12-1;j4	1.4624106
v12-1;j41	1.436894
v12-1;j42	0.77776575
v12-1;j55	-0.008156978
v12-1;j3	1.2647239
v12-1;j27	1.1373707
v12-1;j36	0.7389331
v12-1;j33	2.7221541
v12-1;j10	1.2033854
v12-1;j20	0.79838866
v12-1;j50	1.1470729
v12-1;j6	0.77485085
v12-1;j24	0.94083315
v12-1;j21	0.936515
v12-1;j8	-0.2753952
v12-1;j7	0.38601163
v12-1;j53	0.9603257
v12-1;j54	0.007434695
v12-1;j43	0.47838578
v12-1;j52	-0.11400609
v12-1;j60	0.03923104
v12-1;j28	0.42082217
v12-1;j31	0.59145117
v12-1;j39	0.7447888
v12-1;j34	0.26877934
v12-1;j56	2.2634141
v12-1;j35	0.022653006
v12-1;j40	0.8289262
v12-1;j9	-0.022937728
v12-1;j22	0.72316927
v12-1;j45	1.7304602
v12-1;j26	1.4449352
v12-1;j59	0.02463051
v12-1;j23	1.5090437
v12-1;j49	0.8947839
v12-1;j61	-0.0024668947
v12-1;j47	0.7587578
v12-1;j58	-0.0036593378
v12-1;j17	0.62596005
v12-1;j29	0.75039977
v12-1;j16	1.4949938
v12-1;j11	1.4993584
v12-1;j51	0.013569314
v12-1;j38	2.7624035
v12-1;j32	1.7104617
v12-1;j57	-3.5681386
v12-1;j5	0.1082941
v12-1;j37	1.0123161
v12-1;j30	0.7327585
v12-1;j44	0.99091417
v4;j19	0.002045337
v4;j48	0.34162924
v4;j2	-0.16828814
v4;j14	-0.8626529
v4;j25	-1.1553859
v4;j1	-0.0010081083
v4;j12	0.30858174
v4;j13	0.7039952
v4;j15	0.43454656
v4;j46	1.52162
v4;j18	-0.116306245
v4;j4	0.89694536
v4;j41	1.5582044
v4;j42	0.4855507
v4;j55	0.020029075
v4;j3	0.7823659
v4;j27	0.864247
v4;j36	0.64158875
v4;j33	2.507235
v4;j10	1.2422975
v4;j20	0.86381763
v4;j50	0.3411123
v4;j6	0.7314758
v4;j24	1.2719667
v4;j21	0.91886574
v4;j8	0.08915498
v4;j7	1.4348152
v4;j53	1.0232154
v4;j54	-0.18403119
v4;j43	0.5634862
v4;j52	0.4866619
v4;j60	0.026872993
v4;j28	0.025085272
v4;j31	0.55129313
v4;j39	0.12944137
v4;j34	-0.23451468
v4;j56	0.07399183
v4;j35	-0.20398535
v4;j40	0.5772669
v4;j9	-0.031098455
v4;j22	0.75670356
v4;j45	1.4726068
v4;j26	1.1376848
v4;j59	-0.006955132
v4;j23	1.2329961
v4;j49	0.92788845
v4;j61	0.0337412
v4;j47	0.13136986
v4;j58	0.030961119
v4;j17	0.48647323
v4;j29	0.54247147
v4;j16	1.1785107
v4;j11	0.96744496
v4;j51	0.025557816
v4;j38	3.1366613
v4;j32	1.1106976
v4;j57	1.3756049
v4;j5	0.53252584
v4;j37	1.3021863
v4;j30	0.74377
v4;j44	0.46810403
v11;j19	-0.008068763
v11;j48	-2.8368979
v11;j2	0.031380437
v11;j14	0.0078904815
v11;j25	0.011145085
v11;j1	0.022355206
v11;j12	-1.0618662
v11;j13	-2.0304828
v11;j15	-2.1604834
v11;j46	-0.45303342
v11;j18	-0.8771676
v11;j4	-1.7138562
v11;j41	-0.90230757
v11;j42	-2.1426635
v11;j55	0.0016510151
v11;j3	-2.0325258
v11;j27	-2.6851497
v11;j36	-1.059305
v11;j33	0.018558882
v11;j10	-2.2522058
v11;j20	-3.8772724
v11;j50	-0.33500317
v11;j6	-1.8212589
v11;j24	-0.77103674
v11;j21	-1.8924919
v11;j8	-0.93623424
v11;j7	-0.48983112
v11;j53	-1.5781275
v11;j54	-2.4254448
v11;j43	-2.715215
v11;j52	-1.5503626
v11;j60	-0.013803577
v11;j28	-2.2484314
v11;j31	-1.8287992
v11;j39	-2.2958238
v11;j34	-3.1435046
v11;j56	-1.2660335
v11;j35	-0.0035330467
v11;j40	-3.6432986
v11;j9	0.036422513
v11;j22	-2.5812469
v11;j45	-1.5829085
v11;j26	-2.6934166
v11;j59	0.029864848
v11;j23	-4.019914
v11;j49	-4.3563213
v11;j61	-0.031338487
v11;j47	-2.1767595
v11;j58	0.014335174
v11;j17	-3.241042
v11;j29	-1.1938921
v11;j16	-1.2922306
v11;j11	-1.049902
v11;j51	0.031924114
v11;j38	0.03138274
v11;j32	-1.5430616
v11;j57	-1.0356439
v11;j5	-1.8111401
v11;j37	-2.172473
v11;j30	-1.9014684
v11;j44	-2.688703
v35;j19	-0.004542459
v35;j48	-0.14529699
v35;j2	-0.026765075
v35;j14	0.0003697425
v35;j25	-0.020860743
v35;j1	-0.018493544
v35;j12	-0.4425022
v35;j13	-0.940087
v35;j15	-1.3946052
v35;j46	0.50654966
v35;j18	-0.64636344
v35;j4	0.47059917
v35;j41	1.253076
v35;j42	0.09569349
v35;j55	0.014306404
v35;j3	-0.17514743
v35;j27	-0.2817256
v35;j36	-0.075034544
v35;j33	3.111011
v35;j10	-0.39058986
v35;j20	0.08438405
v35;j50	-0.21949552
v35;j6	-1.0688424
v35;j24	0.39588982
v35;j21	0.45143527
v35;j8	-0.961157
v35;j7	-2.7503946
v35;j53	-0.06488801
v35;j54	-0.7885851
v35;j43	0.42728576
v35;j52	-0.4273178
v35;j60	-0.030585349
v35;j28	-0.34017733
v35;j31	-0.35175145
v35;j39	-0.39497447
v35;j34	-0.17411327
v35;j56	0.023545902
v35;j35	-0.018224936
v35;j40	-0.010589748
v35;j9	0.032901913
v35;j22	-0.25121188
v35;j45	1.2419859
v35;j26	0.31261757
v35;j59	-0.009272829
v35;j23	-0.0026257862
v35;j49	0.56293255
v35;j61	-0.3041903
v35;j47	-0.28120434
v35;j58	0.2002243
v35;j17	-0.18338649
v35;j29	0.22368106
v35;j16	-0.36214003
v35;j11	-0.24103172
v35;j51	-0.009140808
v35;j38	3.01124
v35;j32	-0.14648412
v35;j57	1.0036505
v35;j5	-0.9328987
v35;j37	0.5700685
v35;j30	0.4008294
v35;j44	-0.7665285
v7;j19	-0.038101334
v7;j48	0.6578243
v7;j2	-0.026568081
v7;j14	0.03360977
v7;j25	0.038406618
v7;j1	0.011749722
v7;j12	1.4100008
v7;j13	0.0064649805
v7;j15	-0.17239775
v7;j46	0.4506148
v7;j18	-0.71014154
v7;j4	1.5624362
v7;j41	0.8564422
v7;j42	0.7327083
v7;j55	0.03442482
v7;j3	1.724091
v7;j27	0.24155514
v7;j36	1.0116941
v7;j33	3.170488
v7;j10	1.5348899
v7;j20	0.48814967
v7;j50	1.0970227
v7;j6	1.3695723
v7;j24	-4.901233
v7;j21	0.549889
v7;j8	-3.488584
v7;j7	0.85643417
v7;j53	0.6137545
v7;j54	-0.37750274
v7;j43	0.6977348
v7;j52	-0.014108948
v7;j60	0.012547262
v7;j28	-1.3356556
v7;j31	-0.33338287
v7;j39	0.21213137
v7;j34	-1.5510814
v7;j56	0.8361018
v7;j35	-0.008762464
v7;j40	0.41424567
v7;j9	-0.021745961
v7;j22	-0.6508322
v7;j45	1.7119205
v7;j26	0.3923626
v7;j59	0.006768286
v7;j23	0.44868216
v7;j49	0.915274
v7;j61	-0.31673044
v7;j47	0.16187519
v7;j58	-0.006460633
v7;j17	-0.050495584
v7;j29	-0.12292801
v7;j16	1.0648394
v7;j11	0.93582726
v7;j51	0.02252283
v7;j38	2.8380249
v7;j32	0.08781504
v7;j57	1.26844
v7;j5	-2.8216865
v7;j37	0.73896134
v7;j30	-0.02705638
v7;j44	0.28564766
v8;j19	-0.02384792
v8;j48	-1.0196911
v8;j2	-0.028498132
v8;j14	0.035901166
v8;j25	-0.96028376
v8;j1	-0.0048669577
v8;j12	-1.5261208
v8;j13	-0.7054893
v8;j15	-0.49165106
v8;j46	-2.0557377
v8;j18	-1.1547436
v8;j4	-0.015366018
v8;j41	0.36480224
v8;j42	-0.54749006
v8;j55	0.03262318
v8;j3	0.20238611
v8;j27	-0.8807923
v8;j36	-0.9015422
v8;j33	2.1288114
v8;j10	-0.18865246
v8;j20	-0.3187138
v8;j50	-0.33683047
v8;j6	0.5003763
v8;j24	-0.16000758
v8;j21	-0.19302943
v8;j8	-1.3993003
v8;j7	0.5716778
v8;j53	-0.30760688
v8;j54	-1.1883959
v8;j43	-0.81920666
v8;j52	-0.9041891
v8;j60	-0.19056003
v8;j28	-2.556444
v8;j31	-1.3342763
v8;j39	-1.0822043
v8;j34	-2.6989849
v8;j56	-0.66708666
v8;j35	-0.10779923
v8;j40	-0.5213786
v8;j9	0.028520226
v8;j22	-0.85249245
v8;j45	0.43601376
v8;j26	-0.651355
v8;j59	-0.014506953
v8;j23	-0.80462456
v8;j49	-0.22383983
v8;j61	-0.4393131
v8;j47	-0.916312
v8;j58	-0.0023676343
v8;j17	-1.455321
v8;j29	-1.5919832
v8;j16	-0.015857697
v8;j11	-0.31378496
v8;j51	0.035814874
v8;j38	3.1469908
v8;j32	-0.7171723
v8;j57	-0.10657249
v8;j5	-0.2975422
v8;j37	-0.027363444
v8;j30	-1.4941121
v8;j44	-0.6236273
v38-1;j19	0.03156343
v38-1;j48	-1.0058476
v38-1;j2	-0.016360002
v38-1;j14	0.023469038
v38-1;j25	-0.4537737
v38-1;j1	0.008660335
v38-1;j12	-1.5960547
v38-1;j13	-5.001788
v38-1;j15	-0.6365169
v38-1;j46	-0.35154396
v38-1;j18	-1.3701544
v38-1;j4	-4.8321357
v38-1;j41	-0.9549546
v38-1;j42	-1.0212348
v38-1;j55	-0.032532893
v38-1;j3	0.7608974
v38-1;j27	-2.1413422
v38-1;j36	-0.9858691
v38-1;j33	1.0915378
v38-1;j10	-4.632204
v38-1;j20	-0.52817225
v38-1;j50	-0.68138796
v38-1;j6	-4.749379
v38-1;j24	-5.5029607
v38-1;j21	-0.031181837
v38-1;j8	-4.934132
v38-1;j7	0.77306485
v38-1;j53	-0.3907945
v38-1;j54	-1.8933095
v38-1;j43	-1.455313
v38-1;j52	-0.74105763
v38-1;j60	-0.16544327
v38-1;j28	-2.3554425
v38-1;j31	-2.4063785
v38-1;j39	-0.83188057
v38-1;j34	-2.3579164
v38-1;j56	-1.0544425
v38-1;j35	0.026271239
v38-1;j40	-0.70964485
v38-1;j9	0.0168802
v38-1;j22	-0.51965266
v38-1;j45	-0.19628301
v38-1;j26	-0.44400966
v38-1;j59	-0.040105145
v38-1;j23	-0.6363447
v38-1;j49	-0.60891104
v38-1;j61	0.015248083
v38-1;j47	-1.4133297
v38-1;j58	-0.018010436
v38-1;j17	-1.2055317
v38-1;j29	-1.4553678
v38-1;j16	-1.0593206
v38-1;j11	-4.8018427
v38-1;j51	-0.01973126
v38-1;j38	2.7848783
v38-1;j32	-1.335991
v38-1;j57	-0.35784033
v38-1;j5	-4.4768558
v38-1;j37	-0.5234554
v38-1;j30	-2.789562
v38-1;j44	-0.99089736
v10;j19	-0.017434057
v10;j48	1.4004031
v10;j2	-0.019450467
v10;j14	-0.29743534
v10;j25	-0.034981277
v10;j1	-0.03148017
v10;j12	0.4476356
v10;j13	0.94683844
v10;j15	1.1430472
v10;j46	-0.028850187
v10;j18	-0.43144882
v10;j4	1.4524552
v10;j41	1.9532725
v10;j42	0.95930904
v10;j55	0.0032740682
v10;j3	1.0435804
v10;j27	1.3426064
v10;j36	0.6381443
v10;j33	3.7345352
v10;j10	1.3525994
v10;j20	0.88728386
v10;j50	1.148145
v10;j6	0.7188535
v10;j24	1.1314114
v10;j21	0.79537106
v10;j8	0.5152222
v10;j7	1.2744727
v10;j53	1.5233144
v10;j54	1.0706205
v10;j43	0.73915994
v10;j52	0.8990164
v10;j60	0.012600739
v10;j28	0.809283
v10;j31	1.5048014
v10;j39	0.81349635
v10;j34	0.6880043
v10;j56	1.6452651
v10;j35	0.024876691
v10;j40	0.7962825
v10;j9	-0.03250563
v10;j22	1.8445498
v10;j45	2.1334965
v10;j26	2.0708573
v10;j59	0.010130551
v10;j23	1.920368
v10;j49	0.55771786
v10;j61	-0.022572206
v10;j47	0.40700212
v10;j58	0.0139569305
v10;j17	0.7481195
v10;j29	1.2790422
v10;j16	1.8461635
v10;j11	0.6826737
v10;j51	0.03062319
v10;j38	3.6774728
v10;j32	1.817835
v10;j57	2.369138
v10;j5	0.65868926
v10;j37	1.9386712
v10;j30	1.9714788
v10;j44	1.0206853
v13-1;j19	-0.023579823
v13-1;j48	0.6208848
v13-1;j2	-0.037770227
v13-1;j14	-0.023206098
v13-1;j25	-1.0052493
v13-1;j1	-0.009252444
v13-1;j12	0.6616791
v13-1;j13	0.9209695
v13-1;j15	0.60462254
v13-1;j46	0.8851342
v13-1;j18	0.11727636
v13-1;j4	0.99451953
v13-1;j41	1.4691193
v13-1;j42	0.6647067
v13-1;j55	0.026213065
v13-1;j3	1.3253593
v13-1;j27	0.9764967
v13-1;j36	0.7812505
v13-1;j33	3.6346083
v13-1;j10	1.1838259
v13-1;j20	0.6132931
v13-1;j50	1.0743413
v13-1;j6	0.8805637
v13-1;j24	1.0527393
v13-1;j21	1.2414323
v13-1;j8	0.12304814
v13-1;j7	1.3222573
v13-1;j53	0.7865631
v13-1;j54	0.11324665
v13-1;j43	0.38830328
v13-1;j52	0.10507375
v13-1;j60	-0.022044955
v13-1;j28	0.45992255
v13-1;j31	0.7735418
v13-1;j39	0.58282846
v13-1;j34	0.034668356
v13-1;j56	0.6572243
v13-1;j35	-0.4017456
v13-1;j40	0.63162446
v13-1;j9	-0.034848087
v13-1;j22	0.89493763
v13-1;j45	1.5746402
v13-1;j26	1.685237
v13-1;j59	-0.011264853
v13-1;j23	1.4549737
v13-1;j49	1.0567762
v13-1;j61	0.028906256
v13-1;j47	0.3714181
v13-1;j58	-0.023995196
v13-1;j17	0.5051093
v13-1;j29	0.8428713
v13-1;j16	1.1442024
v13-1;j11	0.8290086
v13-1;j51	-0.020437794
v13-1;j38	4.0862193
v13-1;j32	0.6678021
v13-1;j57	1.0990638
v13-1;j5	0.7153659
v13-1;j37	1.2789885
v13-1;j30	0.68885887
v13-1;j44	0.5592642
v19;j19	0.018034238
v19;j48	2.0549505
v19;j2	-0.039559267
v19;j14	-0.020016836
v19;j25	-0.13997525
v19;j1	-0.026860673
v19;j12	1.5268191
v19;j13	2.5130248
v19;j15	1.9342512
v19;j46	3.8384352
v19;j18	1.7749732
v19;j4	3.1127543
v19;j41	3.5121496
v19;j42	1.9318857
v19;j55	-0.016509855
v19;j3	3.2527614
v19;j27	2.863538
v19;j36	2.4749255
v19;j33	3.5991175
v19;j10	2.8486722
v19;j20	2.5524955
v19;j50	2.5054574
v19;j6	2.657224
v19;j24	2.5198376
v19;j21	2.4200635
v19;j8	1.4880408
v19;j7	2.902318
v19;j53	2.515548
v19;j54	1.9609036
v19;j43	2.2187858
v19;j52	1.5054032
v19;j60	-0.28548372
v19;j28	1.812341
v19;j31	2.928267
v19;j39	2.2992234
v19;j34	1.8831474
v19;j56	1.9073862
v19;j35	-0.06345267
v19;j40	2.3100364
v19;j9	0.025938556
v19;j22	2.291475
v19;j45	3.1175313
v19;j26	3.2097352
v19;j59	0.010083634
v19;j23	2.8000877
v19;j49	2.7360654
v19;j61	-0.2913926
v19;j47	2.0788114
v19;j58	0.018447258
v19;j17	2.2175586
v19;j29	2.775704
v19;j16	2.5557787
v19;j11	2.8734128
v19;j51	-0.015814712
v19;j38	3.9109702
v19;j32	2.7238986
v19;j57	2.6582594
v19;j5	2.3104692
v19;j37	2.8549023
v19;j30	2.434426
v19;j44	2.0965695
v8-2;j19	0.011353098
v8-2;j48	0.5974099
v8-2;j2	0.02686049
v8-2;j14	-0.00064758956
v8-2;j25	0.015482657
v8-2;j1	0.02588278
v8-2;j12	-3.3781924
v8-2;j13	1.1777269
v8-2;j15	0.5903026
v8-2;j46	-0.3500547
v8-2;j18	2.461046
v8-2;j4	1.545477
v8-2;j41	-1.6690258
v8-2;j42	0.09805612
v8-2;j55	0.024783716
v8-2;j3	1.1952899
v8-2;j27	2.4166172
v8-2;j36	-3.5023568
v8-2;j33	1.3662177
v8-2;j10	1.4959006
v8-2;j20	0.49256164
v8-2;j50	-2.4028423
v8-2;j6	-1.0383917
v8-2;j24	1.6631113
v8-2;j21	1.3251975
v8-2;j8	1.1791778
v8-2;j7	2.6014204
v8-2;j53	-2.8642313
v8-2;j54	2.4088235
v8-2;j43	-4.1684303
v8-2;j52	1.1177831
v8-2;j60	-0.02108042
v8-2;j28	-2.0162344
v8-2;j31	2.309143
v8-2;j39	1.77114
v8-2;j34	1.9651487
v8-2;j56	4.6388125
v8-2;j35	0.002045326
v8-2;j40	0.22866404
v8-2;j9	-0.038010035
v8-2;j22	-3.607088
v8-2;j45	1.5721081
v8-2;j26	-2.6620526
v8-2;j59	-0.0026204884
v8-2;j23	0.2746242
v8-2;j49	1.9766891
v8-2;j61	-0.032859404
v8-2;j47	1.2819525
v8-2;j58	-0.0037073456
v8-2;j17	1.4086803
v8-2;j29	-3.012509
v8-2;j16	1.0470997
v8-2;j11	1.0340692
v8-2;j51	-0.004534334
v8-2;j38	0.74031156
v8-2;j32	2.4976537
v8-2;j57	-1.0647088
v8-2;j5	0.29891217
v8-2;j37	0.57925624
v8-2;j30	-3.0952551
v8-2;j44	0.9963226
v26-2;j19	0.017644893
v26-2;j48	8.814606
v26-2;j2	-0.028888464
v26-2;j14	-0.009845352
v26-2;j25	0.029123917
v26-2;j1	0.038548075
v26-2;j12	0.033732623
v26-2;j13	8.265207
v26-2;j15	5.454439
v26-2;j46	6.973105
v26-2;j18	5.487187
v26-2;j4	0.028159209
v26-2;j41	0.0023507737
v26-2;j42	9.617567
v26-2;j55	-0.039341148
v26-2;j3	-0.01926248
v26-2;j27	7.1136203
v26-2;j36	8.47091
v26-2;j33	2.1595767
v26-2;j10	8.42422
v26-2;j20	5.4450936
v26-2;j50	7.1483154
v26-2;j6	5.7905083
v26-2;j24	4.663729
v26-2;j21	7.3986607
v26-2;j8	0.038572364
v26-2;j7	5.3842807
v26-2;j53	9.796879
v26-2;j54	9.066182
v26-2;j43	8.729068
v26-2;j52	9.857057
v26-2;j60	-0.033511844
v26-2;j28	8.301729
v26-2;j31	6.8806233
v26-2;j39	9.074729
v26-2;j34	7.1272736
v26-2;j56	8.258442
v26-2;j35	-0.03798056
v26-2;j40	8.779566
v26-2;j9	-0.03413937
v26-2;j22	7.4589725
v26-2;j45	10.429724
v26-2;j26	8.249232
v26-2;j59	0.005868323
v26-2;j23	8.531052
v26-2;j49	5.373895
v26-2;j61	0.04048889
v26-2;j47	8.266847
v26-2;j58	0.036255598
v26-2;j17	4.9802585
v26-2;j29	-0.024469707
v26-2;j16	-0.02795775
v26-2;j11	5.624885
v26-2;j51	0.008055873
v26-2;j38	1.336934
v26-2;j32	0.010566253
v26-2;j57	10.289529
v26-2;j5	-0.008620184
v26-2;j37	9.6287365
v26-2;j30	7.052019
v26-2;j44	8.662793
v30;j19	-0.0083293915
v30;j48	0.2656509
v30;j2	-0.038963202
v30;j14	-0.0060176477
v30;j25	-0.1652244
v30;j1	0.03761302
v30;j12	-4.95093
v30;j13	-0.38061723
v30;j15	-0.6682923
v30;j46	-1.9559249
v30;j18	-0.71618754
v30;j4	1.20452
v30;j41	0.67580914
v30;j42	0.07994052
v30;j55	-0.014216943
v30;j3	1.2725517
v30;j27	0.750428
v30;j36	-3.7815285
v30;j33	2.4775047
v30;j10	1.8132893
v30;j20	-0.43967533
v30;j50	-0.89370084
v30;j6	0.44634667
v30;j24	-1.6092039
v30;j21	-0.71702284
v30;j8	-0.5246716
v30;j7	-2.6834753
v30;j53	-0.42318678
v30;j54	-1.9171373
v30;j43	0.48854205
v30;j52	-0.62577295
v30;j60	-0.0027674064
v30;j28	-1.0218554
v30;j31	-0.49681652
v30;j39	-0.19565035
v30;j34	-0.5611842
v30;j56	0.6613096
v30;j35	-0.0142652
v30;j40	0.4084859
v30;j9	0.030790232
v30;j22	0.3474909
v30;j45	1.2772613
v30;j26	-0.8050611
v30;j59	0.009687524
v30;j23	-0.14721061
v30;j49	0.08426521
v30;j61	0.012177981
v30;j47	-0.4953396
v30;j58	-0.011136688
v30;j17	-0.4626876
v30;j29	0.20422406
v30;j16	-0.38953787
v30;j11	0.5126887
v30;j51	-0.03349174
v30;j38	1.7498877
v30;j32	0.25730616
v30;j57	0.17103633
v30;j5	-4.2599287
v30;j37	0.27652657
v30;j30	-0.2303817
v30;j44	-0.06057841
v20;j19	-0.030533584
v20;j48	-0.52863586
v20;j2	-0.03642239
v20;j14	-0.0077617764
v20;j25	-0.1758077
v20;j1	-0.0010765679
v20;j12	-1.1815751
v20;j13	-0.17352337
v20;j15	-1.0374203
v20;j46	-0.91306347
v20;j18	-1.3479978
v20;j4	0.012066988
v20;j41	1.0495425
v20;j42	-0.31724617
v20;j55	-0.009415176
v20;j3	0.38318744
v20;j27	-0.004927423
v20;j36	0.20580919
v20;j33	2.3548462
v20;j10	0.35617903
v20;j20	-0.34156635
v20;j50	-0.022108171
v20;j6	-0.24190275
v20;j24	-0.6396223
v20;j21	0.17010577
v20;j8	-1.2858742
v20;j7	-0.055940256
v20;j53	-0.18896252
v20;j54	-1.0487953
v20;j43	0.25747538
v20;j52	-0.68172294
v20;j60	0.014589664
v20;j28	-1.0568883
v20;j31	0.07073083
v20;j39	-0.4102161
v20;j34	-0.7351757
v20;j56	-0.10628489
v20;j35	-0.1466861
v20;j40	-0.40707195
v20;j9	0.006273292
v20;j22	-0.52528447
v20;j45	0.3145004
v20;j26	-0.095759064
v20;j59	0.0019523576
v20;j23	0.38509607
v20;j49	0.6450073
v20;j61	-0.6284012
v20;j47	-0.2752762
v20;j58	-0.01505653
v20;j17	-0.7696615
v20;j29	0.20831773
v20;j16	-0.38223174
v20;j11	-1.1652484
v20;j51	0.008487459
v20;j38	2.59889
v20;j32	0.74850905
v20;j57	0.59280866
v20;j5	-0.3228238
v20;j37	0.1976728
v20;j30	-0.496289
v20;j44	-0.5887976
v22;j19	-0.030199964
v22;j48	0.41852048
v22;j2	0.004796665
v22;j14	0.014439352
v22;j25	0.0040459223
v22;j1	-0.010575362
v22;j12	0.2981201
v22;j13	0.34246364
v22;j15	0.28112528
v22;j46	-0.5913836
v22;j18	0.024831735
v22;j4	0.40295866
v22;j41	1.0322481
v22;j42	0.7851652
v22;j55	0.0057154372
v22;j3	1.4340228
v22;j27	0.81883246
v22;j36	0.6082656
v22;j33	3.3882976
v22;j10	1.465353
v22;j20	0.64074004
v22;j50	1.2832632
v22;j6	0.6530279
v22;j24	0.04591156
v22;j21	0.055023193
v22;j8	0.19517677
v22;j7	0.59919184
v22;j53	0.40370497
v22;j54	0.27787134
v22;j43	0.45776993
v22;j52	-0.19029638
v22;j60	-0.18821475
v22;j28	-0.44948295
v22;j31	0.13865446
v22;j39	0.4947835
v22;j34	0.6970668
v22;j56	0.2896968
v22;j35	0.0016472563
v22;j40	0.5846096
v22;j9	0.036852457
v22;j22	0.4999819
v22;j45	1.3749291
v22;j26	0.7710158
v22;j59	0.008872546
v22;j23	0.7901159
v22;j49	1.2217237
v22;j61	-0.19451523
v22;j47	0.9945805
v22;j58	0.051230513
v22;j17	0.31586644
v22;j29	1.2554365
v22;j16	1.1158652
v22;j11	0.94246113
v22;j51	-0.15860312
v22;j38	2.807816
v22;j32	1.1495996
v22;j57	0.7058076
v22;j5	0.36931595
v22;j37	0.91192615
v22;j30	1.1643903
v22;j44	0.69872934
v16;j19	0.019173991
v16;j48	1.2696583
v16;j2	-0.03772445
v16;j14	-0.019398866
v16;j25	0.013843924
v16;j1	0.010864928
v16;j12	-0.08322204
v16;j13	0.8529822
v16;j15	0.6682281
v16;j46	-1.388772
v16;j18	0.10621828
v16;j4	1.4867253
v16;j41	1.5709387
v16;j42	1.3291233
v16;j55	0.015310619
v16;j3	0.7485598
v16;j27	1.963033
v16;j36	1.3659885
v16;j33	3.461161
v16;j10	1.147287
v16;j20	1.5432769
v16;j50	0.80731547
v16;j6	1.2245476
v16;j24	1.5469631
v16;j21	1.3298172
v16;j8	-0.16475399
v16;j7	1.8172853
v16;j53	1.6339663
v16;j54	0.4188777
v16;j43	0.29221743
v16;j52	0.6583478
v16;j60	0.031510934
v16;j28	-0.27653986
v16;j31	1.444727
v16;j39	0.65102243
v16;j34	0.20570478
v16;j56	1.1032516
v16;j35	-0.025750648
v16;j40	0.6936521
v16;j9	0.012686927
v16;j22	1.025702
v16;j45	2.2930853
v16;j26	0.64752823
v16;j59	0.0014397129
v16;j23	1.4167205
v16;j49	1.1992887
v16;j61	-0.0058431365
v16;j47	0.71685684
v16;j58	0.14167331
v16;j17	0.8231435
v16;j29	1.6399956
v16;j16	1.6934639
v16;j11	0.99596345
v16;j51	-0.02036749
v16;j38	2.9862585
v16;j32	2.1908169
v16;j57	1.7987813
v16;j5	0.21634851
v16;j37	1.5220617
v16;j30	0.98222136
v16;j44	0.65791345
v24;j19	-0.014662778
v24;j48	0.5801368
v24;j2	0.02126582
v24;j14	-0.011148455
v24;j25	-0.3164011
v24;j1	-0.011260418
v24;j12	-1.0982788
v24;j13	0.6251734
v24;j15	-2.168226
v24;j46	-0.7540224
v24;j18	0.061850995
v24;j4	1.1427408
v24;j41	0.6914992
v24;j42	0.1801939
v24;j55	-0.023930881
v24;j3	1.7890791
v24;j27	0.03786997
v24;j36	0.59701884
v24;j33	2.662755
v24;j10	0.2374631
v24;j20	0.4350914
v24;j50	0.9684654
v24;j6	0.3632967
v24;j24	0.0882335
v24;j21	0.3678962
v24;j8	0.58953846
v24;j7	0.61129344
v24;j53	0.4553464
v24;j54	-0.1534894
v24;j43	0.5202152
v24;j52	0.05973288
v24;j60	0.008122448
v24;j28	-0.4875764
v24;j31	-0.28896222
v24;j39	0.04839825
v24;j34	0.7843943
v24;j56	2.216205
v24;j35	-0.031214535
v24;j40	0.9893158
v24;j9	-0.03486935
v24;j22	0.8218745
v24;j45	0.8403095
v24;j26	-0.15011261
v24;j59	0.019004554
v24;j23	0.39267766
v24;j49	0.5154948
v24;j61	0.0061368383
v24;j47	-2.2923748
v24;j58	0.0029774308
v24;j17	-0.18718445
v24;j29	0.6894085
v24;j16	-0.00084075786
v24;j11	-0.20750326
v24;j51	0.019208696
v24;j38	3.4303122
v24;j32	1.6510762
v24;j57	0.97159386
v24;j5	1.1738027
v24;j37	0.91485405
v24;j30	1.2879786
v24;j44	0.4648293
v40;j19	-0.00798469
v40;j48	0.29016218
v40;j2	-0.02350972
v40;j14	-0.15057723
v40;j25	-0.03476992
v40;j1	0.00958043
v40;j12	-0.6214395
v40;j13	-0.4636572
v40;j15	-1.1844792
v40;j46	-0.5938984
v40;j18	-0.5911653
v40;j4	3.358893
v40;j41	1.4874722
v40;j42	-1.0688846
v40;j55	0.026165545
v40;j3	-0.19329344
v40;j27	-2.8887935
v40;j36	-0.63680714
v40;j33	-0.023749202
v40;j10	-0.75235665
v40;j20	1.3969402
v40;j50	1.0885038
v40;j6	-1.1437149
v40;j24	-1.044199
v40;j21	-0.00512819
v40;j8	-0.16265333
v40;j7	-1.030027
v40;j53	0.6966405
v40;j54	-0.055970356
v40;j43	-1.1716195
v40;j52	1.1989862
v40;j60	-0.004434902
v40;j28	0.1434373
v40;j31	-4.181378
v40;j39	-0.32321754
v40;j34	-2.311958
v40;j56	0.5573634
v40;j35	0.028410263
v40;j40	0.78830445
v40;j9	0.019065913
v40;j22	-0.18735428
v40;j45	0.38014993
v40;j26	-1.1318067
v40;j59	-0.014547886
v40;j23	-0.023289377
v40;j49	0.78782654
v40;j61	-0.9068632
v40;j47	0.20135897
v40;j58	-0.032811638
v40;j17	-1.6749794
v40;j29	2.0271459
v40;j16	-1.9193537
v40;j11	-0.1369388
v40;j51	0.025651969
v40;j38	-0.023127098
v40;j32	1.2069701
v40;j57	1.9926336
v40;j5	-0.024471436
v40;j37	-0.14821482
v40;j30	-1.174762
v40;j44	-0.16376613
v1-2;j19	0.03988096
v1-2;j48	-0.47356197
v1-2;j2	0.03834836
v1-2;j14	0.007776838
v1-2;j25	-0.18147217
v1-2;j1	0.013657354
v1-2;j12	-1.9954633
v1-2;j13	-0.11452848
v1-2;j15	-0.80617505
v1-2;j46	-0.6338717
v1-2;j18	-0.0057131303
v1-2;j4	-0.15199496
v1-2;j41	0.7730462
v1-2;j42	-1.1407361
v1-2;j55	0.030059524
v1-2;j3	-0.663784
v1-2;j27	0.18863231
v1-2;j36	-0.08471187
v1-2;j33	-2.8149378
v1-2;j10	0.6816914
v1-2;j20	-0.095898174
v1-2;j50	1.8432579
v1-2;j6	-0.07695434
v1-2;j24	0.24404395
v1-2;j21	-0.2674972
v1-2;j8	-0.9451171
v1-2;j7	1.6180619
v1-2;j53	-0.7707961
v1-2;j54	-0.77276134
v1-2;j43	0.5212937
v1-2;j52	-1.7136893
v1-2;j60	0.012958694
v1-2;j28	-0.4278342
v1-2;j31	0.17199846
v1-2;j39	-0.12418429
v1-2;j34	0.020206615
v1-2;j56	-0.17981325
v1-2;j35	-0.06720364
v1-2;j40	0.28439918
v1-2;j9	0.009677332
v1-2;j22	0.6157652
v1-2;j45	0.12555575
v1-2;j26	-0.33933973
v1-2;j59	0.014762249
v1-2;j23	0.79655993
v1-2;j49	-2.4333797
v1-2;j61	-0.011609208
v1-2;j47	-1.6812607
v1-2;j58	-0.021999732
v1-2;j17	-0.17160504
v1-2;j29	0.39619786
v1-2;j16	0.41400495
v1-2;j11	-0.3770406
v1-2;j51	-0.0046155863
v1-2;j38	3.573912
v1-2;j32	1.1411957
v1-2;j57	4.159739
v1-2;j5	-1.949498
v1-2;j37	0.5642927
v1-2;j30	0.8793226
v1-2;j44	0.8031901
v2;j19	0.025716513
v2;j48	-0.15938814
v2;j2	-0.021018008
v2;j14	0.026107386
v2;j25	-0.19220012
v2;j1	0.03846527
v2;j12	-1.1989427
v2;j13	-1.4064478
v2;j15	-1.0786717
v2;j46	0.95383877
v2;j18	-0.78721964
v2;j4	-0.6748901
v2;j41	-0.6362123
v2;j42	-1.1687411
v2;j55	-0.020992251
v2;j3	-1.1138741
v2;j27	-0.4880533
v2;j36	-1.3671281
v2;j33	1.372317
v2;j10	-0.8614942
v2;j20	-0.6304669
v2;j50	-1.7302727
v2;j6	-1.9724091
v2;j24	-0.4051357
v2;j21	0.09401646
v2;j8	-2.8343248
v2;j7	-0.09030644
v2;j53	2.0762033
v2;j54	-0.42382893
v2;j43	-5.383084
v2;j52	0.022500487
v2;j60	0.03995341
v2;j28	-1.6020507
v2;j31	-0.990454
v2;j39	-0.5298528
v2;j34	-1.1011792
v2;j56	-0.28440174
v2;j35	-0.005648472
v2;j40	-1.4185863
v2;j9	-0.0060229525
v2;j22	-0.7405123
v2;j45	-0.20344612
v2;j26	-1.9615563
v2;j59	-0.039250217
v2;j23	-0.4626734
v2;j49	0.041353613
v2;j61	-0.016555456
v2;j47	-1.6311688
v2;j58	-0.022311606
v2;j17	-2.3537662
v2;j29	-0.5820467
v2;j16	-1.3295103
v2;j11	-0.884898
v2;j51	-0.026611008
v2;j38	2.3189607
v2;j32	-0.25638512
v2;j57	-0.16866829
v2;j5	-2.0711625
v2;j37	-0.66141397
v2;j30	-0.6553582
v2;j44	-2.333586
v27;j19	-0.03705222
v27;j48	0.6758583
v27;j2	0.010299891
v27;j14	0.0005064495
v27;j25	-0.12364783
v27;j1	-0.033634186
v27;j12	-0.056522366
v27;j13	0.86821455
v27;j15	0.12913728
v27;j46	0.53914756
v27;j18	-0.028532967
v27;j4	1.5609962
v27;j41	1.4126613
v27;j42	0.87205434
v27;j55	0.0147774555
v27;j3	1.2162967
v27;j27	0.20803851
v27;j36	1.131073
v27;j33	2.9382312
v27;j10	1.2487115
v27;j20	0.5572787
v27;j50	0.8776947
v27;j6	0.95180196
v27;j24	0.35507214
v27;j21	0.46503475
v27;j8	0.03571646
v27;j7	0.5278188
v27;j53	0.38643253
v27;j54	-0.037214406
v27;j43	0.68604493
v27;j52	-0.33416635
v27;j60	0.019616928
v27;j28	-0.17515278
v27;j31	0.32930443
v27;j39	0.11516889
v27;j34	0.4397482
v27;j56	1.4723958
v27;j35	-0.006303765
v27;j40	0.29732192
v27;j9	0.007049106
v27;j22	0.6347701
v27;j45	1.6151427
v27;j26	1.126251
v27;j59	0.032844447
v27;j23	0.7388797
v27;j49	0.9187416
v27;j61	-0.34114924
v27;j47	-0.10791422
v27;j58	-0.03613295
v27;j17	0.0039176294
v27;j29	0.82384425
v27;j16	0.43747407
v27;j11	0.83662325
v27;j51	0.010524157
v27;j38	3.759674
v27;j32	0.82338756
v27;j57	1.1714739
v27;j5	0.52731144
v27;j37	0.94824034
v27;j30	1.1047033
v27;j44	0.4641337
v8-1;j19	-0.017807627
v8-1;j48	1.1019166
v8-1;j2	0.0073219687
v8-1;j14	0.00047857687
v8-1;j25	0.009618573
v8-1;j1	-0.03480434
v8-1;j12	1.9989625
v8-1;j13	0.80199736
v8-1;j15	-0.054856136
v8-1;j46	2.8001127
v8-1;j18	-4.252224
v8-1;j4	-0.053559195
v8-1;j41	0.20320153
v8-1;j42	0.5703564
v8-1;j55	-0.011140494
v8-1;j3	-0.12108285
v8-1;j27	1.9010215
v8-1;j36	1.3509007
v8-1;j33	1.8244449
v8-1;j10	1.0905849
v8-1;j20	0.4153152
v8-1;j50	0.9620117
v8-1;j6	-0.94028616
v8-1;j24	-0.159041
v8-1;j21	1.4251722
v8-1;j8	0.31670257
v8-1;j7	-1.895827
v8-1;j53	0.9082102
v8-1;j54	0.4171835
v8-1;j43	1.1096212
v8-1;j52	-4.41588
v8-1;j60	0.0100451745
v8-1;j28	2.3167498
v8-1;j31	1.3902608
v8-1;j39	0.6760905
v8-1;j34	2.2297103
v8-1;j56	-0.19638456
v8-1;j35	-0.05063615
v8-1;j40	0.8131169
v8-1;j9	0.0050944127
v8-1;j22	0.7612611
v8-1;j45	0.79125243
v8-1;j26	0.5717499
v8-1;j59	0.017206796
v8-1;j23	1.1954532
v8-1;j49	0.56753224
v8-1;j61	0.008492686
v8-1;j47	1.221405
v8-1;j58	-0.028294241
v8-1;j17	1.1882299
v8-1;j29	2.4338636
v8-1;j16	1.3861616
v8-1;j11	1.3592521
v8-1;j51	0.0051739924
v8-1;j38	1.5429385
v8-1;j32	1.3077636
v8-1;j57	-0.58773196
v8-1;j5	-0.27155292
v8-1;j37	0.27562466
v8-1;j30	1.1075455
v8-1;j44	-0.7254641
v39;j19	-0.028810091
v39;j48	-0.54379237
v39;j2	-0.02488881
v39;j14	0.0093801245
v39;j25	0.012935046
v39;j1	0.015369322
v39;j12	-1.842677
v39;j13	-3.8875198
v39;j15	0.5166644
v39;j46	-2.87525
v39;j18	-3.9304845
v39;j4	-1.6683457
v39;j41	0.98278064
v39;j42	-0.15208277
v39;j55	-0.019284507
v39;j3	2.4337301
v39;j27	-1.4174467
v39;j36	0.6627235
v39;j33	2.6011858
v39;j10	2.7833068
v39;j20	-1.0680315
v39;j50	-0.5748048
v39;j6	1.7044091
v39;j24	-4.2442274
v39;j21	-0.4000362
v39;j8	-1.4078704
v39;j7	-0.913382
v39;j53	-0.07143529
v39;j54	-0.21342619
v39;j43	-0.76663065
v39;j52	0.043686055
v39;j60	0.009062
v39;j28	-0.83750635
v39;j31	-1.165977
v39;j39	-0.55304044
v39;j34	-1.4395924
v39;j56	1.4164776
v39;j35	0.022965237
v39;j40	-0.7646269
v39;j9	-0.022166803
v39;j22	-0.39350906
v39;j45	1.0029211
v39;j26	-0.21685654
v39;j59	0.009995997
v39;j23	0.08416057
v39;j49	0.078208
v39;j61	-0.6014712
v39;j47	0.15752271
v39;j58	0.01330423
v39;j17	0.087408006
v39;j29	-0.51453394
v39;j16	-0.27891484
v39;j11	-1.8914325
v39;j51	0.021799386
v39;j38	2.0917718
v39;j32	0.028281031
v39;j57	0.6587054
v39;j5	1.0797737
v39;j37	0.565633
v39;j30	-1.6117103
v39;j44	-0.6160985
v21;j19	-0.03712987
v21;j48	-0.12575628
v21;j2	-0.02056938
v21;j14	-0.12725155
v21;j25	-0.7412965
v21;j1	-0.00314999
v21;j12	-1.3995928
v21;j13	0.13650496
v21;j15	-1.1889791
v21;j46	-0.053020973
v21;j18	-0.8176327
v21;j4	0.6233846
v21;j41	0.5897787
v21;j42	-0.17442964
v21;j55	0.01657134
v21;j3	0.6426498
v21;j27	-0.11827811
v21;j36	-0.38587105
v21;j33	3.297928
v21;j10	0.5123735
v21;j20	-0.687845
v21;j50	0.40979922
v21;j6	0.07859762
v21;j24	-1.0104936
v21;j21	-0.46092284
v21;j8	-0.6930133
v21;j7	0.2629982
v21;j53	0.14845031
v21;j54	-0.77967876
v21;j43	-0.030317541
v21;j52	-0.9200452
v21;j60	-0.13017537
v21;j28	-0.49340668
v21;j31	0.14483072
v21;j39	-0.12846038
v21;j34	-0.69609517
v21;j56	-0.3144123
v21;j35	-0.11264895
v21;j40	-0.31538612
v21;j9	0.007873267
v21;j22	-0.05281253
v21;j45	0.59526557
v21;j26	0.67056686
v21;j59	0.012540247
v21;j23	0.2943217
v21;j49	0.13784814
v21;j61	-0.922801
v21;j47	-0.38710102
v21;j58	-0.012204068
v21;j17	-0.5395313
v21;j29	-0.08005017
v21;j16	-0.039448082
v21;j11	0.114528485
v21;j51	-0.025668383
v21;j38	3.6296527
v21;j32	0.3465397
v21;j57	0.4004727
v21;j5	-0.6240769
v21;j37	0.18830079
v21;j30	-0.04474764
v21;j44	-0.15496515
v12-3;j19	-0.017885612
v12-3;j48	-0.015305561
v12-3;j2	0.03224192
v12-3;j14	-0.33830056
v12-3;j25	-0.13141188
v12-3;j1	0.016080145
v12-3;j12	0.23753719
v12-3;j13	-0.15709235
v12-3;j15	-0.27945048
v12-3;j46	-0.077415235
v12-3;j18	0.08069645
v12-3;j4	0.6054681
v12-3;j41	1.1449832
v12-3;j42	0.48169777
v12-3;j55	0.026564635
v12-3;j3	0.9417841
v12-3;j27	0.2072039
v12-3;j36	-0.39802387
v12-3;j33	2.6610043
v12-3;j10	0.64272696
v12-3;j20	0.22983885
v12-3;j50	-0.22863671
v12-3;j6	0.52143466
v12-3;j24	0.4875848
v12-3;j21	0.6193927
v12-3;j8	-0.23885894
v12-3;j7	0.8339887
v12-3;j53	0.2169264
v12-3;j54	-0.6458319
v12-3;j43	-0.03265854
v12-3;j52	-0.36072794
v12-3;j60	-0.19357884
v12-3;j28	0.26343685
v12-3;j31	0.12092143
v12-3;j39	0.043388695
v12-3;j34	-0.11469222
v12-3;j56	-0.24417178
v12-3;j35	0.0022737756
v12-3;j40	0.554689
v12-3;j9	0.0105539635
v12-3;j22	0.6737261
v12-3;j45	0.6992235
v12-3;j26	0.07026069
v12-3;j59	-0.027228957
v12-3;j23	0.02381345
v12-3;j49	0.61194175
v12-3;j61	-0.026485797
v12-3;j47	-0.26852617
v12-3;j58	-0.03438028
v12-3;j17	-0.03664956
v12-3;j29	0.11335649
v12-3;j16	0.7985536
v12-3;j11	0.14653784
v12-3;j51	0.033996955
v12-3;j38	2.749278
v12-3;j32	1.1742536
v12-3;j57	0.50311315
v12-3;j5	-0.4713537
v12-3;j37	1.0435177
v12-3;j30	0.59740955
v12-3;j44	-0.32964426
v3;j19	-0.037410587
v3;j48	-0.023530792
v3;j2	0.024006441
v3;j14	0.018397115
v3;j25	-0.02353994
v3;j1	0.014339544
v3;j12	0.035705112
v3;j13	4.888966
v3;j15	-4.184246e-05
v3;j46	-0.018922724
v3;j18	4.595365
v3;j4	7.2158856
v3;j41	0.025968373
v3;j42	5.2365446
v3;j55	-0.0036496557
v3;j3	7.6516824
v3;j27	-0.0064419955
v3;j36	4.976675
v3;j33	1.1037894
v3;j10	-0.030094791
v3;j20	5.0286136
v3;j50	0.018877182
v3;j6	7.1036906
v3;j24	5.3634276
v3;j21	8.436082
v3;j8	7.0884714
v3;j7	5.519926
v3;j53	0.0017729662
v3;j54	-0.040308822
v3;j43	-0.013582703
v3;j52	-0.0249997
v3;j60	0.030265205
v3;j28	5.292151
v3;j31	5.1594033
v3;j39	6.9589567
v3;j34	5.5747943
v3;j56	-0.029832672
v3;j35	0.027464673
v3;j40	5.405942
v3;j9	0.0082607865
v3;j22	-0.013836425
v3;j45	5.260219
v3;j26	0.034819424
v3;j59	0.04041987
v3;j23	7.0053225
v3;j49	0.0015048124
v3;j61	0.025564782
v3;j47	-0.03256889
v3;j58	-0.022088895
v3;j17	-0.039696053
v3;j29	7.6810837
v3;j16	5.0292244
v3;j11	-0.03526255
v3;j51	0.037109815
v3;j38	1.2573662
v3;j32	5.414658
v3;j57	0.037866294
v3;j5	4.8257895
v3;j37	6.9051585
v3;j30	0.010350373
v3;j44	0.009481762
v34;j19	-0.013208311
v34;j48	-0.5958647
v34;j2	0.03637203
v34;j14	-0.020182883
v34;j25	-0.00705678
v34;j1	-0.004950963
v34;j12	-0.87582713
v34;j13	-4.224394
v34;j15	-4.2219663
v34;j46	-0.46613818
v34;j18	-3.7655175
v34;j4	1.5874274
v34;j41	-3.587587
v34;j42	0.6265714
v34;j55	0.03282819
v34;j3	-1.7958416
v34;j27	0.49008116
v34;j36	0.13131478
v34;j33	1.3727634
v34;j10	-2.2694323
v34;j20	-0.8045623
v34;j50	0.14752336
v34;j6	1.0187838
v34;j24	-0.18150349
v34;j21	-0.071134426
v34;j8	-2.7265794
v34;j7	-0.8950468
v34;j53	-0.052084833
v34;j54	-1.1435637
v34;j43	-4.7124143
v34;j52	-0.08656803
v34;j60	0.008031953
v34;j28	-5.068437
v34;j31	0.3253902
v34;j39	-0.40129307
v34;j34	-0.22422564
v34;j56	1.0550636
v34;j35	0.013392184
v34;j40	-1.5094678
v34;j9	-0.007744126
v34;j22	-4.9283266
v34;j45	0.8550725
v34;j26	-4.2453775
v34;j59	0.025568716
v34;j23	0.5304904
v34;j49	-1.6172849
v34;j61	-0.16746894
v34;j47	-1.0417202
v34;j58	0.023520947
v34;j17	-0.2208005
v34;j29	-4.600387
v34;j16	-2.8855934
v34;j11	-1.3044163
v34;j51	-0.034631886
v34;j38	0.008713927
v34;j32	-0.44547018
v34;j57	1.1433777
v34;j5	1.7195672
v34;j37	0.3511498
v34;j30	-4.418053
v34;j44	-0.6807158
v8-3;j19	-0.03037684
v8-3;j48	1.8277891
v8-3;j2	0.017735787
v8-3;j14	0.0117889345
v8-3;j25	-0.15799993
v8-3;j1	-0.02460479
v8-3;j12	0.47420204
v8-3;j13	0.9251221
v8-3;j15	0.34644338
v8-3;j46	-1.2236222
v8-3;j18	-4.815569
v8-3;j4	0.57417506
v8-3;j41	2.1996799
v8-3;j42	1.8345634
v8-3;j55	-0.025243338
v8-3;j3	0.21565281
v8-3;j27	1.3655562
v8-3;j36	1.5182723
v8-3;j33	1.7826529
v8-3;j10	1.3795384
v8-3;j20	0.8722238
v8-3;j50	2.0040374
v8-3;j6	0.27599615
v8-3;j24	1.1927723
v8-3;j21	0.07419642
v8-3;j8	1.278999
v8-3;j7	-1.2789465
v8-3;j53	2.2483957
v8-3;j54	1.4971569
v8-3;j43	1.65347
v8-3;j52	0.8382508
v8-3;j60	-0.016537912
v8-3;j28	3.9328997
v8-3;j31	0.8269764
v8-3;j39	1.7070254
v8-3;j34	2.4172063
v8-3;j56	3.1115658
v8-3;j35	-0.040593438
v8-3;j40	0.376749
v8-3;j9	0.019776147
v8-3;j22	-0.39728636
v8-3;j45	0.82598215
v8-3;j26	-3.2475922
v8-3;j59	-0.013881167
v8-3;j23	1.40175
v8-3;j49	-0.19424006
v8-3;j61	-0.006786458
v8-3;j47	0.783784
v8-3;j58	-0.007266417
v8-3;j17	1.885882
v8-3;j29	0.45229837
v8-3;j16	0.935952
v8-3;j11	1.2210238
v8-3;j51	-0.03771957
v8-3;j38	1.5754899
v8-3;j32	1.5226417
v8-3;j57	1.704137
v8-3;j5	0.13482125
v8-3;j37	0.9070285
v8-3;j30	2.6965024
v8-3;j44	1.2557061
v8-6;j19	0.016016304
v8-6;j48	-0.04779316
v8-6;j2	-0.030426808
v8-6;j14	0.013361607
v8-6;j25	-0.08535613
v8-6;j1	0.0326685
v8-6;j12	0.9136612
v8-6;j13	0.62909794
v8-6;j15	-0.44067976
v8-6;j46	-0.72059196
v8-6;j18	-4.0220613
v8-6;j4	0.79258984
v8-6;j41	0.8777919
v8-6;j42	-5.0763335
v8-6;j55	-0.0009030625
v8-6;j3	-1.345814
v8-6;j27	1.2263443
v8-6;j36	1.392919
v8-6;j33	1.269078
v8-6;j10	0.26280025
v8-6;j20	-0.3309954
v8-6;j50	-0.39466003
v8-6;j6	0.14788541
v8-6;j24	1.5343362
v8-6;j21	0.46980664
v8-6;j8	-0.3015704
v8-6;j7	0.5442274
v8-6;j53	-1.8491133
v8-6;j54	0.28197584
v8-6;j43	0.33789888
v8-6;j52	-0.73276764
v8-6;j60	0.015064135
v8-6;j28	1.7303258
v8-6;j31	1.335695
v8-6;j39	-0.015594419
v8-6;j34	2.0871255
v8-6;j56	1.1934112
v8-6;j35	0.022005297
v8-6;j40	-0.040507834
v8-6;j9	-0.019903896
v8-6;j22	-0.24241494
v8-6;j45	0.21194151
v8-6;j26	1.6815169
v8-6;j59	0.025994368
v8-6;j23	0.8150185
v8-6;j49	0.58273196
v8-6;j61	-0.037939228
v8-6;j47	-4.098185
v8-6;j58	0.008664858
v8-6;j17	-4.465454
v8-6;j29	1.5084044
v8-6;j16	-1.0492346
v8-6;j11	0.7751002
v8-6;j51	-0.029649671
v8-6;j38	0.7487347
v8-6;j32	-0.5831833
v8-6;j57	-0.0011968021
v8-6;j5	0.7503137
v8-6;j37	-0.2414371
v8-6;j30	0.23472589
v8-6;j44	-0.046971973
v13-2;j19	0.021756172
v13-2;j48	0.76280993
v13-2;j2	-0.02732816
v13-2;j14	-0.012956232
v13-2;j25	-0.4403899
v13-2;j1	0.03602965
v13-2;j12	0.2343835
v13-2;j13	0.80791223
v13-2;j15	0.588934
v13-2;j46	1.8593774
v13-2;j18	0.16131814
v13-2;j4	1.1420428
v13-2;j41	0.99177927
v13-2;j42	0.64853954
v13-2;j55	-0.031798035
v13-2;j3	1.2978119
v13-2;j27	1.6727641
v13-2;j36	0.68854237
v13-2;j33	3.901481
v13-2;j10	1.2248242
v13-2;j20	1.278231
v13-2;j50	0.8103458
v13-2;j6	0.74022603
v13-2;j24	1.3530298
v13-2;j21	1.1343439
v13-2;j8	0.008214171
v13-2;j7	1.207151
v13-2;j53	0.5823057
v13-2;j54	-0.1381885
v13-2;j43	0.71085036
v13-2;j52	-0.124315195
v13-2;j60	0.040487282
v13-2;j28	-0.23418026
v13-2;j31	1.2127005
v13-2;j39	0.5176375
v13-2;j34	0.36261997
v13-2;j56	0.39165467
v13-2;j35	-0.24046741
v13-2;j40	0.6024442
v13-2;j9	-0.011688111
v13-2;j22	0.93725306
v13-2;j45	1.5976151
v13-2;j26	1.6337817
v13-2;j59	0.025942028
v13-2;j23	1.567612
v13-2;j49	1.4156727
v13-2;j61	-0.016179936
v13-2;j47	0.5706703
v13-2;j58	-0.0021985248
v13-2;j17	0.7007781
v13-2;j29	1.0819541
v13-2;j16	1.4739618
v13-2;j11	1.0593308
v13-2;j51	0.031197868
v13-2;j38	3.7800694
v13-2;j32	1.2289577
v13-2;j57	1.339607
v13-2;j5	0.35827714
v13-2;j37	1.351634
v13-2;j30	1.1720687
v13-2;j44	0.7578852
v41;j19	-0.031737883
v41;j48	-0.034397192
v41;j2	0.010856755
v41;j14	-0.0021680146
v41;j25	-0.03850982
v41;j1	-0.0069830716
v41;j12	-1.2075788
v41;j13	2.4138987
v41;j15	-1.1466098
v41;j46	-2.1806052
v41;j18	0.20916614
v41;j4	3.9400914
v41;j41	-3.535967
v41;j42	-0.17066865
v41;j55	-0.00507601
v41;j3	-0.48658237
v41;j27	0.7907278
v41;j36	2.496103
v41;j33	3.3065276
v41;j10	-1.5822475
v41;j20	-3.0292726
v41;j50	-1.3881928
v41;j6	2.1319392
v41;j24	0.95208806
v41;j21	-2.658092
v41;j8	-0.28058544
v41;j7	-1.4680867
v41;j53	0.4272869
v41;j54	-0.07792576
v41;j43	-0.9254435
v41;j52	-0.56319994
v41;j60	-0.0128117185
v41;j28	-0.63291025
v41;j31	0.36595893
v41;j39	-0.17241417
v41;j34	-0.84144133
v41;j56	0.31581962
v41;j35	-0.010174465
v41;j40	0.13598059
v41;j9	-0.030478805
v41;j22	0.20192268
v41;j45	1.1054189
v41;j26	-3.8885422
v41;j59	-0.034687836
v41;j23	1.7445376
v41;j49	0.6640236
v41;j61	-0.74218166
v41;j47	-0.8247171
v41;j58	0.05287829
v41;j17	-0.8339929
v41;j29	-0.1817116
v41;j16	2.740656
v41;j11	-0.4718058
v41;j51	0.01857943
v41;j38	0.022020482
v41;j32	0.36808592
v41;j57	1.18892
v41;j5	1.6235311
v41;j37	0.6128749
v41;j30	-0.14091879
v41;j44	-0.42328468
v8-4;j19	-0.03491902
v8-4;j48	6.784421
v8-4;j2	0.019139484
v8-4;j14	0.015295375
v8-4;j25	-0.011371205
v8-4;j1	0.0315044
v8-4;j12	7.1408463
v8-4;j13	9.51909
v8-4;j15	8.473004
v8-4;j46	-0.0068950877
v8-4;j18	0.03917449
v8-4;j4	8.860476
v8-4;j41	-0.004713606
v8-4;j42	8.767605
v8-4;j55	0.014878552
v8-4;j3	7.9207997
v8-4;j27	4.2564692
v8-4;j36	5.545822
v8-4;j33	0.93549305
v8-4;j10	6.0934606
v8-4;j20	7.3960657
v8-4;j50	0.040202677
v8-4;j6	-0.02972265
v8-4;j24	4.409461
v8-4;j21	0.010920111
v8-4;j8	5.311529
v8-4;j7	5.2997336
v8-4;j53	8.562833
v8-4;j54	4.9578977
v8-4;j43	4.3880587
v8-4;j52	7.3399563
v8-4;j60	-0.026853194
v8-4;j28	8.080729
v8-4;j31	6.326004
v8-4;j39	9.225716
v8-4;j34	5.3799376
v8-4;j56	8.082158
v8-4;j35	-0.029223224
v8-4;j40	7.525162
v8-4;j9	0.03093616
v8-4;j22	8.312282
v8-4;j45	8.122393
v8-4;j26	0.018953562
v8-4;j59	0.0033020563
v8-4;j23	9.049921
v8-4;j49	8.819472
v8-4;j61	0.0354677
v8-4;j47	-0.02081434
v8-4;j58	-0.019311443
v8-4;j17	-0.029538497
v8-4;j29	7.004531
v8-4;j16	6.4743853
v8-4;j11	0.039801292
v8-4;j51	-0.024025949
v8-4;j38	0.98261607
v8-4;j32	7.971545
v8-4;j57	0.00094534084
v8-4;j5	7.8722777
v8-4;j37	7.7261586
v8-4;j30	9.07026
v8-4;j44	8.767157
v9-1;j19	0.00970082
v9-1;j48	2.4092011
v9-1;j2	0.022194847
v9-1;j14	0.011904601
v9-1;j25	0.01743225
v9-1;j1	0.025526352
v9-1;j12	-0.30543545
v9-1;j13	-1.3004006
v9-1;j15	-0.74621797
v9-1;j46	-0.18837523
v9-1;j18	3.6804109
v9-1;j4	-1.7362897
v9-1;j41	-0.47761717
v9-1;j42	-2.1759918
v9-1;j55	-0.00042323023
v9-1;j3	-1.2885734
v9-1;j27	-1.3173565
v9-1;j36	-0.298757
v9-1;j33	1.2781074
v9-1;j10	-1.925593
v9-1;j20	-0.44967568
v9-1;j50	0.03277169
v9-1;j6	-1.5996578
v9-1;j24	-0.14138389
v9-1;j21	-1.0093704
v9-1;j8	-0.44539016
v9-1;j7	-0.2738244
v9-1;j53	-1.0544748
v9-1;j54	-0.6234352
v9-1;j43	-1.0546787
v9-1;j52	-0.3554782
v9-1;j60	-0.034270354
v9-1;j28	-1.0321441
v9-1;j31	-0.16062085
v9-1;j39	2.2939796
v9-1;j34	-1.4518034
v9-1;j56	-0.27697095
v9-1;j35	-0.026369855
v9-1;j40	-1.0469946
v9-1;j9	0.037935838
v9-1;j22	-0.92166156
v9-1;j45	-0.8634568
v9-1;j26	-0.72798425
v9-1;j59	0.02059247
v9-1;j23	-0.89836
v9-1;j49	3.0026855
v9-1;j61	0.025243782
v9-1;j47	-0.1943314
v9-1;j58	0.014148317
v9-1;j17	-1.5975329
v9-1;j29	-0.57377434
v9-1;j16	-1.133687
v9-1;j11	-0.63200533
v9-1;j51	0.036261663
v9-1;j38	0.011351775
v9-1;j32	3.2752612
v9-1;j57	-0.59908193
v9-1;j5	2.3410897
v9-1;j37	2.7448857
v9-1;j30	-1.0338258
v9-1;j44	1.738881
v1-1;j19	0.015387386
v1-1;j48	1.2275993
v1-1;j2	0.027548626
v1-1;j14	-0.040062673
v1-1;j25	0.0342922
v1-1;j1	0.02605164
v1-1;j12	0.19609451
v1-1;j13	1.6580948
v1-1;j15	0.7543194
v1-1;j46	-0.4616855
v1-1;j18	0.701451
v1-1;j4	1.0669472
v1-1;j41	2.8516936
v1-1;j42	0.83062935
v1-1;j55	-0.03944485
v1-1;j3	0.45766604
v1-1;j27	1.5349071
v1-1;j36	0.8944874
v1-1;j33	2.4071054
v1-1;j10	1.733261
v1-1;j20	1.464892
v1-1;j50	0.03529887
v1-1;j6	1.648544
v1-1;j24	1.537327
v1-1;j21	0.72813714
v1-1;j8	0.4277007
v1-1;j7	1.6395608
v1-1;j53	4.4203005
v1-1;j54	-0.15883996
v1-1;j43	2.2035248
v1-1;j52	-0.6350207
v1-1;j60	-0.039920114
v1-1;j28	0.28872475
v1-1;j31	1.4069614
v1-1;j39	-0.11831905
v1-1;j34	0.6886121
v1-1;j56	-0.1422292
v1-1;j35	0.035171814
v1-1;j40	0.8172882
v1-1;j9	0.017408077
v1-1;j22	1.3164328
v1-1;j45	0.38848636
v1-1;j26	1.6970351
v1-1;j59	0.038475007
v1-1;j23	1.856208
v1-1;j49	1.7350664
v1-1;j61	0.024380744
v1-1;j47	1.860661
v1-1;j58	0.006189134
v1-1;j17	0.8990055
v1-1;j29	1.006622
v1-1;j16	1.8587873
v1-1;j11	1.7125285
v1-1;j51	-0.005489614
v1-1;j38	2.6609166
v1-1;j32	2.0817688
v1-1;j57	-0.19844216
v1-1;j5	0.4472114
v1-1;j37	0.9907289
v1-1;j30	1.6491739
v1-1;j44	1.0684452
v18;j19	-0.0047528706
v18;j48	-0.19764687
v18;j2	-0.025671532
v18;j14	0.038609028
v18;j25	0.033500038
v18;j1	0.022294797
v18;j12	-0.031757206
v18;j13	-0.14415862
v18;j15	-0.023802495
v18;j46	0.030604593
v18;j18	-0.14325166
v18;j4	-0.30238694
v18;j41	0.013209093
v18;j42	-0.0354657
v18;j55	-0.011171671
v18;j3	-0.03558258
v18;j27	-0.3173611
v18;j36	-0.45814863
v18;j33	-0.035611138
v18;j10	0.016020343
v18;j20	-0.011340316
v18;j50	0.016536571
v18;j6	0.0067955405
v18;j24	-0.013316063
v18;j21	-0.12054077
v18;j8	-0.036261782
v18;j7	0.03152436
v18;j53	-0.73088294
v18;j54	-0.2994055
v18;j43	4.35734
v18;j52	-0.3101167
v18;j60	-0.018241791
v18;j28	-0.024120705
v18;j31	-0.16358085
v18;j39	0.028397791
v18;j34	0.02416312
v18;j56	0.0020960458
v18;j35	0.011179622
v18;j40	-0.003994338
v18;j9	2.9340386e-05
v18;j22	-0.038867787
v18;j45	-0.14870374
v18;j26	-0.032779388
v18;j59	0.009623155
v18;j23	-0.14048341
v18;j49	-0.151466
v18;j61	0.0253051
v18;j47	-0.13450702
v18;j58	-0.010936093
v18;j17	-0.42541257
v18;j29	0.035241313
v18;j16	-0.19834386
v18;j11	-0.29702783
v18;j51	0.036595777
v18;j38	0.009284101
v18;j32	0.035191834
v18;j57	5.4134274
v18;j5	-0.027486129
v18;j37	0.034332335
v18;j30	-0.13446617
v18;j44	0.028022088
v6;j19	-0.030221641
v6;j48	0.22250026
v6;j2	0.02203162
v6;j14	-0.32286537
v6;j25	-1.2661766
v6;j1	0.037747897
v6;j12	-0.40278375
v6;j13	0.45360583
v6;j15	0.032282896
v6;j46	-0.96065843
v6;j18	-0.8205801
v6;j4	0.7936425
v6;j41	1.3058591
v6;j42	0.13820668
v6;j55	0.026814163
v6;j3	0.9967332
v6;j27	0.9965226
v6;j36	0.42748067
v6;j33	3.6371388
v6;j10	0.49623057
v6;j20	0.16593039
v6;j50	0.21740119
v6;j6	0.45866457
v6;j24	0.27633184
v6;j21	0.90905315
v6;j8	-0.057722516
v6;j7	1.3986989
v6;j53	-0.17361882
v6;j54	-0.76647
v6;j43	0.6148362
v6;j52	-0.3443239
v6;j60	-0.12448374
v6;j28	-0.2850243
v6;j31	0.29156816
v6;j39	0.20341259
v6;j34	0.39695397
v6;j56	0.6633535
v6;j35	-0.44550872
v6;j40	0.3768074
v6;j9	0.012280121
v6;j22	0.11636357
v6;j45	1.0891029
v6;j26	1.2067485
v6;j59	-0.029366963
v6;j23	0.641289
v6;j49	0.59940284
v6;j61	-0.6471434
v6;j47	0.14375192
v6;j58	-0.019849988
v6;j17	0.31923273
v6;j29	0.3012145
v6;j16	1.2919742
v6;j11	0.49521008
v6;j51	0.02307994
v6;j38	3.3331225
v6;j32	0.86012506
v6;j57	0.5848447
v6;j5	0.08475672
v6;j37	0.88263905
v6;j30	1.0838084
v6;j44	0.2503868
v17;j19	-0.03743704
v17;j48	-0.1832667
v17;j2	0.026208647
v17;j14	-0.44742724
v17;j25	-0.0356083
v17;j1	0.022417895
v17;j12	-0.8728216
v17;j13	0.3003965
v17;j15	-0.5430789
v17;j46	-0.053744413
v17;j18	-0.95323855
v17;j4	0.29048228
v17;j41	0.5314149
v17;j42	0.1845084
v17;j55	0.016251408
v17;j3	0.97729737
v17;j27	0.3559322
v17;j36	0.1286456
v17;j33	2.7492118
v17;j10	0.3175529
v17;j20	-0.09987277
v17;j50	-0.34006593
v17;j6	-0.033814434
v17;j24	-0.66196007
v17;j21	0.037070964
v17;j8	-0.75336283
v17;j7	-0.12318198
v17;j53	-0.08721897
v17;j54	-0.7077384
v17;j43	0.061181054
v17;j52	-1.004378
v17;j60	0.016484726
v17;j28	-0.50131303
v17;j31	-0.17343058
v17;j39	-0.46245718
v17;j34	-0.48477566
v17;j56	-0.7485923
v17;j35	0.034012064
v17;j40	0.3082606
v17;j9	0.017608799
v17;j22	-0.03775132
v17;j45	0.4771259
v17;j26	-0.30594474
v17;j59	-0.029883742
v17;j23	0.5558941
v17;j49	0.6307207
v17;j61	-1.3397596
v17;j47	-0.56766975
v17;j58	-0.039410427
v17;j17	-0.5256482
v17;j29	-0.09775707
v17;j16	-0.27168676
v17;j11	0.07697777
v17;j51	-0.023588315
v17;j38	2.5190778
v17;j32	0.46504322
v17;j57	0.60158885
v17;j5	-0.54821765
v17;j37	0.3571393
v17;j30	0.30283526
v17;j44	-0.39136314
v9-2;j19	-0.01116859
v9-2;j48	0.029651085
v9-2;j2	-0.027880557
v9-2;j14	-0.025756503
v9-2;j25	-0.59117
v9-2;j1	-0.021107364
v9-2;j12	-0.41353723
v9-2;j13	-0.37510806
v9-2;j15	-0.66081256
v9-2;j46	-0.5091468
v9-2;j18	-0.90079135
v9-2;j4	0.6670857
v9-2;j41	1.5059894
v9-2;j42	-0.01347313
v9-2;j55	-0.0014004409
v9-2;j3	0.60277694
v9-2;j27	0.20252027
v9-2;j36	-0.031865366
v9-2;j33	3.353166
v9-2;j10	0.52387565
v9-2;j20	-0.22725184
v9-2;j50	-0.1094719
v9-2;j6	0.14864735
v9-2;j24	0.60173506
v9-2;j21	0.8214121
v9-2;j8	-0.6492768
v9-2;j7	0.002677906
v9-2;j53	0.22148547
v9-2;j54	-0.84182537
v9-2;j43	-0.20048769
v9-2;j52	-0.42742917
v9-2;j60	0.023958117
v9-2;j28	-0.33345172
v9-2;j31	-0.5669828
v9-2;j39	-0.64994144
v9-2;j34	-1.2194723
v9-2;j56	-0.018680185
v9-2;j35	-0.055323936
v9-2;j40	-0.6256324
v9-2;j9	-0.011406584
v9-2;j22	0.04090495
v9-2;j45	0.7791202
v9-2;j26	0.49399158
v9-2;j59	0.002596587
v9-2;j23	0.76463246
v9-2;j49	0.3185148
v9-2;j61	-0.021910114
v9-2;j47	-0.58690816
v9-2;j58	0.03778074
v9-2;j17	-0.60532975
v9-2;j29	-0.0248864
v9-2;j16	0.16262689
v9-2;j11	0.15833475
v9-2;j51	0.01692471
v9-2;j38	3.0810778
v9-2;j32	0.089225695
v9-2;j57	0.50881404
v9-2;j5	-0.51750404
v9-2;j37	0.2259314
v9-2;j30	-0.5786885
v9-2;j44	-0.054042596
v25;j19	0.03527806
v25;j48	0.6822172
v25;j2	-0.014744135
v25;j14	0.031271257
v25;j25	-0.17716558
v25;j1	0.02928584
v25;j12	-0.91936684
v25;j13	0.4060152
v25;j15	-1.039476
v25;j46	2.4369082
v25;j18	-0.123892136
v25;j4	1.1394271
v25;j41	1.2152325
v25;j42	1.0294852
v25;j55	0.007445246
v25;j3	1.9720587
v25;j27	0.42883608
v25;j36	0.90107405
v25;j33	2.5850003
v25;j10	0.5821869
v25;j20	0.10179543
v25;j50	0.5074348
v25;j6	0.5071918
v25;j24	0.21963531
v25;j21	0.65140504
v25;j8	0.17763329
v25;j7	1.0570756
v25;j53	0.42137426
v25;j54	0.085063554
v25;j43	0.71638453
v25;j52	0.026576813
v25;j60	0.005871929
v25;j28	0.43085727
v25;j31	0.37925237
v25;j39	0.543633
v25;j34	0.4938505
v25;j56	0.65081483
v25;j35	-0.08925448
v25;j40	0.5096176
v25;j9	-0.012970675
v25;j22	-0.15368795
v25;j45	1.5866233
v25;j26	0.44157094
v25;j59	-0.018019043
v25;j23	0.71224606
v25;j49	0.7105692
v25;j61	-0.1686829
v25;j47	0.11023517
v25;j58	0.001166109
v25;j17	0.21262696
v25;j29	0.8777011
v25;j16	0.9218288
v25;j11	1.2270148
v25;j51	-0.030349432
v25;j38	3.4636571
v25;j32	0.7463711
v25;j57	0.9105561
v25;j5	-0.52375615
v25;j37	1.2345642
v25;j30	1.065526
v25;j44	0.40566373
v26-1;j19	0.00075891614
v26-1;j48	0.24981731
v26-1;j2	0.005779095
v26-1;j14	-0.0039216764
v26-1;j25	-0.29717132
v26-1;j1	-0.008147385
v26-1;j12	-0.024747238
v26-1;j13	0.10114092
v26-1;j15	-0.28077972
v26-1;j46	1.602242
v26-1;j18	-0.17554761
v26-1;j4	1.2625142
v26-1;j41	1.4437183
v26-1;j42	0.2326248
v26-1;j55	0.008861106
v26-1;j3	1.2327005
v26-1;j27	0.34162208
v26-1;j36	0.43617955
v26-1;j33	2.9833028
v26-1;j10	0.84476244
v26-1;j20	0.24263647
v26-1;j50	0.3610274
v26-1;j6	0.50088024
v26-1;j24	-0.025604734
v26-1;j21	0.3270184
v26-1;j8	-0.57708013
v26-1;j7	0.10266352
v26-1;j53	0.20645499
v26-1;j54	-0.5222038
v26-1;j43	0.38481325
v26-1;j52	-0.115559466
v26-1;j60	0.031741112
v26-1;j28	-0.9182302
v26-1;j31	0.039206002
v26-1;j39	0.009916019
v26-1;j34	-0.8560587
v26-1;j56	0.03354342
v26-1;j35	-0.028196653
v26-1;j40	0.32047763
v26-1;j9	0.023268178
v26-1;j22	-0.41855925
v26-1;j45	1.0975571
v26-1;j26	0.57522136
v26-1;j59	-0.018612472
v26-1;j23	0.3233183
v26-1;j49	0.38024706
v26-1;j61	-0.32049727
v26-1;j47	-0.2124811
v26-1;j58	0.18321945
v26-1;j17	-0.3668347
v26-1;j29	-0.043039948
v26-1;j16	0.48457807
v26-1;j11	0.6392321
v26-1;j51	0.0067785643
v26-1;j38	1.8248184
v26-1;j32	0.4220802
v26-1;j57	0.96517533
v26-1;j5	0.09946741
v26-1;j37	0.92909086
v26-1;j30	0.37032545
v26-1;j44	0.10936665
v12-2;j19	0.002179306
v12-2;j48	-0.71247846
v12-2;j2	0.0035055988
v12-2;j14	0.023021221
v12-2;j25	-0.4883691
v12-2;j1	0.014726888
v12-2;j12	-1.6394475
v12-2;j13	-0.806861
v12-2;j15	-1.8853261
v12-2;j46	-3.0671637
v12-2;j18	-1.633477
v12-2;j4	-0.09416903
v12-2;j41	0.1509102
v12-2;j42	-0.18795003
v12-2;j55	-0.0010979101
v12-2;j3	-0.5877164
v12-2;j27	-1.3632659
v12-2;j36	-0.3748714
v12-2;j33	2.546236
v12-2;j10	-0.43107462
v12-2;j20	-0.6050519
v12-2;j50	-0.22467756
v12-2;j6	-1.7394447
v12-2;j24	-1.0089642
v12-2;j21	-0.17911284
v12-2;j8	-0.6722804
v12-2;j7	-0.8566211
v12-2;j53	-0.948216
v12-2;j54	-1.2810565
v12-2;j43	-1.2102449
v12-2;j52	-1.1373811
v12-2;j60	-0.03058527
v12-2;j28	-0.8368151
v12-2;j31	-0.61469954
v12-2;j39	-0.61780673
v12-2;j34	-5.931312
v12-2;j56	-1.3553178
v12-2;j35	0.009997603
v12-2;j40	-0.7603354
v12-2;j9	-0.027395748
v12-2;j22	-0.6520584
v12-2;j45	0.096932486
v12-2;j26	-0.26324743
v12-2;j59	-0.0074861124
v12-2;j23	-0.018824317
v12-2;j49	0.013274982
v12-2;j61	-0.012415571
v12-2;j47	-1.0171655
v12-2;j58	0.0149609335
v12-2;j17	-1.1929854
v12-2;j29	-0.9906939
v12-2;j16	-0.75622874
v12-2;j11	-0.9036458
v12-2;j51	-0.027606923
v12-2;j38	1.6958913
v12-2;j32	0.43671992
v12-2;j57	-0.033591792
v12-2;j5	-1.0251321
v12-2;j37	-0.107726865
v12-2;j30	-0.15174407
v12-2;j44	-1.3348186
v8-7;j19	-0.013281466
v8-7;j48	-0.015602542
v8-7;j2	-0.004491128
v8-7;j14	0.016387846
v8-7;j25	-0.015520964
v8-7;j1	-0.0044303313
v8-7;j12	-0.4436141
v8-7;j13	-0.88999355
v8-7;j15	-0.30999696
v8-7;j46	-0.015799351
v8-7;j18	-0.5717592
v8-7;j4	-0.9319978
v8-7;j41	-0.17913446
v8-7;j42	-1.3120285
v8-7;j55	-0.00083935633
v8-7;j3	-0.34624398
v8-7;j27	-0.014171805
v8-7;j36	-0.15480919
v8-7;j33	-0.035898164
v8-7;j10	-1.3350548
v8-7;j20	-0.33643705
v8-7;j50	-0.13575588
v8-7;j6	-1.19422
v8-7;j24	-0.16933315
v8-7;j21	-0.1953391
v8-7;j8	-0.16121584
v8-7;j7	0.022880577
v8-7;j53	-0.9933263
v8-7;j54	-0.4643282
v8-7;j43	-0.2636971
v8-7;j52	-1.4650255
v8-7;j60	-0.0071370713
v8-7;j28	-0.48769972
v8-7;j31	-0.4303158
v8-7;j39	-0.47497824
v8-7;j34	-0.4218556
v8-7;j56	-0.3390334
v8-7;j35	-0.015321441
v8-7;j40	-0.784836
v8-7;j9	-0.027603783
v8-7;j22	-0.32970175
v8-7;j45	-1.8322029
v8-7;j26	-0.47822246
v8-7;j59	0.0017315298
v8-7;j23	-0.8865806
v8-7;j49	-0.13889027
v8-7;j61	0.005680695
v8-7;j47	-0.6002527
v8-7;j58	-0.037179798
v8-7;j17	-0.3394052
v8-7;j29	-0.770809
v8-7;j16	-0.14611919
v8-7;j11	-0.037742034
v8-7;j51	0.009097148
v8-7;j38	0.033297822
v8-7;j32	-0.5812949
v8-7;j57	-0.1445336
v8-7;j5	-0.3109396
v8-7;j37	-0.6267639
v8-7;j30	-0.47838166
v8-7;j44	-0.4435524
v5;j19	-0.016635684
v5;j48	0.18608232
v5;j2	-0.015221234
v5;j14	-0.17685047
v5;j25	-0.85350937
v5;j1	0.019355074
v5;j12	-0.67770034
v5;j13	-0.05831491
v5;j15	-0.3140509
v5;j46	-0.72282004
v5;j18	-0.90097463
v5;j4	0.3722288
v5;j41	1.3499993
v5;j42	0.06127715
v5;j55	0.02283106
v5;j3	0.23141693
v5;j27	0.44172266
v5;j36	-0.026359698
v5;j33	2.821293
v5;j10	0.45617804
v5;j20	0.15882352
v5;j50	0.07865452
v5;j6	0.15146334
v5;j24	0.34529227
v5;j21	0.6042036
v5;j8	-0.7097116
v5;j7	0.10538661
v5;j53	0.26004577
v5;j54	-0.60577655
v5;j43	0.31762832
v5;j52	-0.5302722
v5;j60	-0.2737963
v5;j28	-0.48221314
v5;j31	-0.4503304
v5;j39	0.109932564
v5;j34	-0.626012
v5;j56	0.1448221
v5;j35	0.0023248515
v5;j40	0.06864813
v5;j9	0.031930365
v5;j22	0.12727967
v5;j45	1.2298166
v5;j26	0.85940605
v5;j59	0.024654992
v5;j23	0.35847473
v5;j49	0.65599626
v5;j61	-0.4852275
v5;j47	-0.013103991
v5;j58	-0.028762586
v5;j17	-0.067212656
v5;j29	-0.0913382
v5;j16	0.73944134
v5;j11	0.302428
v5;j51	-0.028647736
v5;j38	3.9662597
v5;j32	0.45794886
v5;j57	0.5573475
v5;j5	-0.14424753
v5;j37	0.5415815
v5;j30	0.15360714
v5;j44	0.07303291